288783894-6,Yank,Gravestone
574377608-3,Petunia,Jerzykiewicz
620450868-7,Emelda,Raun
009197454-2,Tobi,Bulger
106852001-9,Bibby,Audritt
306008313-4,Payton,Farrant
470633855-7,Cristie,Soares
501767216-8,Laird,Vannoort
230252438-1,Joelie,Waison
337386941-2,Deanna,Canet
430465930-8,Clarinda,Markwelley
409310475-1,Stanwood,Chritchley
426116639-9,Stu,Giaomozzo
331427568-4,Gwendolin,Giscken
437776338-5,Hyacintha,Peddel
891797506-2,Ninnette,Patridge
475529214-X,Angy,Fullom
793312474-7,Kristopher,Mattheeuw
005797758-5,Forbes,Whaplington
801800951-1,Philomena,Bengtson
449906807-X,Cam,Ollive
247404609-7,Barney,Parram
796746352-8,Shayne,Neylon
460822989-3,Menard,Brunton
401898587-8,Nari,Strass
066314448-5,Ellery,Burdass
737190002-2,Jaquith,Hirche
558535144-3,Dominique,Hasell
240196929-2,Crystal,Cosgriff
460372269-9,Les,Cradoc
460962454-0,Elbertine,Girardot
583728517-2,Korry,Reyson
661617044-6,Korey,Jan
855950992-5,Hansiain,Pittem
820157453-2,Standford,Pfeuffer
518570558-2,Pavia,Ettles
071802963-1,Noelyn,Malkinson
078322176-2,Waldemar,Janssen
946198082-5,Mommy,Brittain
804398427-1,Kira,Counihan
004947718-8,Roxanne,Baumann
856376205-2,Jakie,Coward
766109057-0,Panchito,Ivushkin
175122769-3,Inglis,Stive
920105259-6,Cheston,Hannen
527846150-0,Alisun,Ruprechter
199265919-2,Ulrich,Parkyns
017353867-3,Greggory,Denny
323233191-2,Manuel,Paulat
073749023-3,Gerladina,Sodor
142487459-9,Morgana,Corradengo
634364349-4,Nariko,Stanger
384301715-8,Guillemette,Higgen
351591327-0,Arabele,Heifer
215977194-5,Van,Murrigan
450499375-9,Ewan,Gladden
270914661-4,Max,Daybell
329156890-7,Jarid,Rackstraw
620908207-6,Waneta,Muehler
407047239-8,Margery,Gorling
896527906-2,Ash,Wraith
572515781-4,Ricardo,Sallarie
041829349-X,Mindy,Fogarty
733133860-9,Irvin,Dutton
572265516-3,Angelica,Kinane
353279543-4,Lowell,Keddy
919015358-8,Emily,Cleminshaw
131087448-4,Morgan,Ferentz
074535322-3,Leicester,Ginty
599943820-9,Ivory,Gainor
645580465-1,Barbabas,Colkett
027011733-4,Umeko,Boichat
752019186-9,Ara,Castaignet
166727790-1,Mirella,Raithmill
440275417-8,Ameline,Pechet
987565641-0,Bennie,Rushbrooke
434759272-8,Mureil,Nutkin
051925134-2,Mary,Gallgher
299776735-0,Job,Aggas
531267571-7,Grata,Kelberman
231866539-7,Boy,Berk
930874891-1,Lilas,Parmeter
989609096-3,Melitta,Chewter
294547421-2,Karee,Whate
491396859-9,Trula,Brisse
607366372-2,Sherill,Dionisii
294776572-9,Charla,Fridaye
780017472-7,Eustacia,Harm
883954368-6,Tedmund,Adney
405209769-6,Corny,Mc Dermid
475794594-9,Stephanus,Carpe
138117357-8,Chet,Van der Kruis
471056136-2,Isabeau,Bryns
705121658-9,Betsey,Ewbanks
714687801-5,Filippo,Claris
277227539-6,Larina,Haynesford
245252572-3,Lorie,Killiam
348989806-0,Dougy,Bawle
998664857-2,Ilysa,Kaas
916004057-2,Seka,Starkie
157930635-7,Corie,Dimitrijevic
305333096-2,Shanan,Harmson
726429480-3,Corry,Meredith
863571562-4,Karlotte,Overland
740700844-2,Jerrilee,Eustanch
353394281-3,Renata,Marklow
929553087-X,Tracey,Seston
311232088-3,Flossy,Verissimo
031183427-2,Emmalynne,Wickens
989207876-4,Gerrie,Collingwood
611264542-4,Lek,Peck
735605607-0,Jemimah,Soff
591046143-5,Pooh,Brass
043314309-6,Lezley,McGarahan
718925500-1,Gerry,Westby
161298162-3,Giselbert,Cornely
073180117-2,Carlina,Hunnicot
808546957-X,Pammy,Jeggo
333268777-8,Rossie,Brasner
196954633-6,Fancy,Dyte
167555081-6,Jessi,Rumble
623053685-4,Karalee,Mingo
975001958-X,Ravi,Morby
250085336-5,Wang,Recher
340831225-7,Melva,Barbosa
004933906-0,Dave,Fieldhouse
804782013-3,Roi,Barnby
900150556-2,Averill,Derobert
585755225-7,Shirleen,Tonsley
092184762-9,Celka,Norquay
516466167-5,Felecia,Fabbro
864780581-X,Boigie,Tipton
996687260-4,Ludwig,Pagen
466813804-5,Dale,Gurnay
953193752-4,Brooke,Rameaux
828658032-X,Rosamund,Brion
465640735-6,Franklin,Tanslie
009374390-4,Gusty,Colleton
610351583-1,Carolee,Ajean
124877294-6,Charlena,Morrish
688901177-5,Marcelia,Standall
227322688-8,Cyrus,Orgill
423938774-4,Gertrude,Hildred
773938834-3,Xerxes,Mulroy
904167620-1,Caitlin,Reddick
307415473-X,Livy,Ropartz
233514526-6,Lenard,Lutas
911949754-7,Barrie,Curee
215738971-7,Tarah,Sibyllina
589969322-3,Lorens,Bonafant
934815346-3,Esme,Wheelan
302460367-0,Cirilo,Haysom
150930087-2,Sol,Cockaday
424572428-5,Cissiee,Howel
679556338-3,Amandy,Garrattley
604254229-X,Grace,Beedom
680863147-6,Mitzi,Ygou
198976134-8,Analise,Groarty
175168236-6,Adorne,MacGowing
735144784-5,Myrtia,Nourse
347480725-0,Lorrayne,Dericot
033085409-7,Brander,Cowton
269926643-4,Caryl,Withnall
730309040-1,Tally,Arro
558991076-5,Ashely,Kitman
684868696-4,Elise,Poleykett
444799035-0,Brent,Haldenby
705695058-2,Raf,Moreinu
793162095-X,Latisha,Fairy
103692894-2,Faber,Kienzle
173696913-7,Jaimie,Shah
537674934-7,Creigh,Vlasin
177967185-7,Sybille,Andrzejczak
458378811-8,Jenilee,Misk
282390624-X,Charley,Guyot
629947193-X,Perry,Brundle
587122326-5,Ardyth,Bourchier
007079952-0,Deeann,Iban
609602453-X,Jodee,Klaves
062738500-1,Caryl,Shawl
274718896-5,Clarence,Demko
812303470-9,Raphaela,Regardsoe
960682055-6,Kevyn,Janks
588855723-4,Priscilla,Keepence
018289539-4,Sile,Easun
436880233-0,Goldie,Jeff
569162113-0,Trip,Alltimes
907410386-3,Grace,Furlonge
879837350-1,Olympia,Segrott
096703974-6,Vonnie,Swinfon
968606497-4,Wilma,Penylton
837261166-1,Veda,Hewson
019786257-8,Breanne,Duckwith
153842505-X,Renato,Haywood
318083953-8,Ferd,Benitez
525324871-4,Edita,Emsley
677455067-3,Joleen,Peddar
387048192-7,Gertruda,Jordon
017390914-0,Brianna,Augustine
098590851-3,Debee,Umpleby
673937792-8,Merwin,Laskey
517733948-3,Maud,Cotterell
181663132-9,Leonerd,Ambrose
402468651-8,Bevin,Sein
152817669-3,Maye,Beddard
029937593-5,Kendall,Josskovitz
252295484-9,Charmaine,O'Shiels
518097317-1,Geri,Shotboult
304483782-0,Camile,Chetwind
140230707-1,Camella,Stratten
414609544-1,Giorgi,Harral
709284293-X,Erena,Gounard
595363650-4,Gustie,Buglar
229709764-6,Hermie,Strase
188516064-X,Tobiah,Woollaston
395812004-0,Kennie,Alfuso
073272155-5,Anson,Bancroft
079573965-6,Othella,Manchester
443635620-5,Garrard,Dmitrienko
276167673-4,Jules,Enbury
144879948-1,Yelena,Riseborough
965374951-X,Rufus,Bang
642642014-X,Reggy,Cornthwaite
917953378-7,Blythe,Viscovi
363456073-8,Kenn,Jephcott
876006535-4,Raf,Dymock
464476717-4,Stephanus,Dedman
266359123-8,Xever,Upham
297672127-0,Pauli,Houlison
795647494-9,Winifred,Elener
594571607-3,Traver,Kruszelnicki
822043400-7,Gaston,Blew
554622100-3,Chere,Haestier
053949071-7,Hagan,Hoopper
947327735-0,Eba,Pollicott
822041885-0,Borg,Llewhellin
636917416-5,Blakelee,McQuin
792495593-3,Nonnah,Melledy
017048548-X,Lynna,Carruthers
876444941-6,Bartie,Vasyunin
283013032-4,Lexi,Wisam
944823869-X,Elysee,Lemmens
108705697-7,Gris,Laughnan
172239507-9,Rex,Privost
991007383-8,Leoline,Karpmann
577688321-0,Catlaina,Springer
460795999-5,Madlin,Gabe
691381395-3,Kathryne,Dollar
738847027-1,Hyacinth,Ghilks
366037287-0,Julee,Waitland
133420444-6,Seward,Brosenius
720667439-9,Merill,Brozsset
104715152-9,Malia,Parratt
622180127-3,Janelle,Errichelli
389575709-8,Lizzie,Traut
644243227-0,Randi,Tivers
850666702-X,Mart,Dasent
822659353-0,Paloma,Flexman
988673074-9,Jeramie,Mitkcov
330031479-8,Mikael,Kenelin
810059645-X,Karia,De'Ath
421905837-0,Brynn,Iceton
273933923-2,Eada,Skelhorne
812385853-1,Christie,Farnill
532244102-6,Clementius,Olenikov
629886881-X,Carole,Kyffin
187438960-8,Catherine,Dobkin
328725001-9,Caleb,Hollingsbee
870619739-6,Clarabelle,Barfield
899709895-0,Gwynne,Wellstead
023494228-2,Ardelia,Camelia
293736414-4,Katherina,Millwall
218767306-5,Felice,Hasard
538343978-1,Carmine,Cressor
839286710-6,Emmanuel,Burditt
436140194-2,Gweneth,Thunnercliff
037099156-7,Ariadne,Need
345486182-9,Sascha,William
700028566-4,Micheline,Stoner
864840799-0,Lilia,Cartwright
659190566-9,Eddie,Healey
384057539-7,Trevar,Balog
265928999-9,Bren,Dast
077183796-8,Guinevere,Kirwin
007634062-7,Reinold,MacConnechie
344854388-8,Ingrid,Marieton
608486338-8,Valma,Kleinhaus
269208292-3,Oona,Wildt
287184950-1,Alphonso,Deverille
223016476-7,Otes,Jills
108447470-0,Donni,Stienton
747595697-0,Zollie,Fawlks
714806235-7,Abner,Olennikov
349439788-0,Howey,Boig
761307867-1,Eunice,Learmonth
154140712-1,Nanon,Iwanicki
019448070-4,Nero,Darkott
727226473-X,Lidia,Baggallay
428477097-7,Teodoro,Kaine
723873403-6,Pavia,Burdytt
894936958-3,Manfred,Hamlington
774971281-X,Alaster,Deble
743463325-5,Ophelia,Wyld
749585625-4,Novelia,Dibbs
035916372-6,Caesar,Caltun
438274829-1,Adams,Barby
737952318-X,Courtenay,Itter
419605227-4,Lazar,Cutcliffe
798320118-4,Gwendolin,Burston
174472946-8,Nolie,Dorow
871129685-2,Vin,Roo
684384605-X,Baxter,Creigan
195151181-6,Aggy,Gentiry
265590447-8,Clerissa,Ledstone
603729163-2,Cullan,Leed
208141563-1,Emerson,Purver
999585893-2,Meagan,Gierke
458095747-4,Ellwood,Greystock
888567402-X,Janis,Aubrey
063825410-8,Kamila,Lindsey
418724796-3,Annalise,Konzelmann
824008148-7,Norby,Annesley
207059532-3,Queenie,Dixey
689571690-4,Wyatt,O'Cahey
497006372-9,Elyse,Pfeffel
234190634-6,Weider,Dunnion
321566105-5,Andrea,Pomfret
442604652-1,Shelli,McCudden
222510972-9,Jefferson,Bottoms
849454629-5,Marilee,Selbie
465284659-2,Alessandro,Reubbens
723452476-2,Imelda,Franies
807253726-1,Valentino,Hovel
331996318-X,Jeri,McSaul
706640443-2,Rivi,Woodham
255368276-X,Janel,Bertson
201786138-3,Sharyl,Weymouth
848821298-4,Bebe,Wheatland
006130135-3,Cornelia,Mitchard
637932081-4,Brandy,Gouda
005100394-5,Jonah,Adger
262951834-5,Herc,Crosgrove
587579904-8,Schuyler,Langstaff
802450875-3,Wilbert,Schukraft
819744696-2,Isobel,Castagnet
000815556-9,Prudy,Eagan
616710570-7,Yalonda,De Biasio
189943325-2,Devy,Crickmore
257776035-3,Leroi,Larkworthy
835002001-6,Christabella,Ortega
011116022-7,Guenna,Dunnet
340405238-2,Wakefield,Lefley
034586412-3,Annaliese,De Brett
527555317-X,Wendie,Newlove
870051444-6,Jada,Weatherby
513135079-4,Alejoa,Dellenty
278827417-3,Inger,Dyott
733544494-2,Odele,Shilliday
703791168-2,Jo-ann,Hamm
203339561-8,Elia,Vanichkin
774023691-8,Isa,Scholey
880718597-0,Cozmo,Ouver
647034114-4,Dione,Conochie
267782562-7,Jenda,Devita
276765678-6,Vance,Pichan
840711318-2,Dorolice,De Vuyst
553484266-0,Torrance,Brummell
900577953-5,Hartley,Stritton
586706380-1,Angelina,Georgiades
502064224-X,Nathanial,Pechell
602226422-7,Josselyn,Cavill
344455220-3,Marlena,Jennins
071767556-4,Cammie,Cuttles
003131526-7,Franny,Juppe
681392326-9,Gal,Abley
167159233-6,Kasper,Canet
898459550-0,Halley,Bladesmith
722855048-X,Valida,Bruckner
540172517-5,Doris,Lasham
263669105-7,Alfred,Okell
247948961-2,Koenraad,Fantin
361648336-0,Wilmer,Berkeley
975432719-X,Brig,Attenbrough
618190338-0,Ianthe,Almond
255473585-9,Shae,Bridell
007982059-X,Earle,Ithell
082745686-7,Sonnie,Dirand
732089683-4,Edy,Cleevely
846600039-9,Hilliard,Bidewel
472822886-X,Ulrikaumeko,Saltmarsh
623034438-6,Julianna,Gino
621286216-8,Sean,Paskell
997823854-9,Shelia,O'Doran
547617993-3,Deb,Cressingham
746269525-1,Tyson,Slator
819935288-4,Elliot,Kynman
691009809-9,Clarette,Capner
026146525-2,Carolin,McGibbon
295726046-8,Lavinia,Kender
556022578-9,Kandace,Nulty
173865976-3,Wenonah,Stammer
502079304-3,Conney,Velareal
099423985-8,Adan,Raynard
148445728-5,Meghann,Whorlow
744422661-X,Margalo,Rois
878176693-9,Hadlee,Enocksson
164472388-3,Lucina,Goor
813092675-X,Kathryne,Jaray
415302107-5,Burty,Croughan
902358135-0,Terrie,Matusovsky
710655189-9,Madeleine,Van der Linde
581170556-5,Sheryl,Finlay
331053038-8,Rutter,Beddin
548019294-9,Brita,Mansbridge
577467124-0,Ludvig,Petrelli
540192666-9,Pincas,Dunstall
412207034-1,Melly,Rhoddie
168336011-7,Jillene,Kleinholz
091826493-6,Panchito,Island
066573037-3,Heinrik,Chittey
735152897-7,Waite,Schubbert
698117176-7,Quentin,Limeburn
311110581-4,Evelyn,Braley
271067678-8,Homere,Lawland
274543683-X,Lynett,Sherebrooke
194045343-7,Beilul,Antonescu
483181188-2,Akim,Glasebrook
465549767-X,Halsey,Blenkhorn
614496692-7,Celestina,Newdick
769209880-8,Lila,Hallam
926000320-2,Brnaba,Heimann
042111329-4,Roanna,Bazoche
956492713-7,Aviva,Cowpertwait
739975776-3,Ethelin,Lias
306528214-3,Edin,Dabernott
028574698-7,Thedrick,Brands
434563086-X,Vannie,Reely
453657098-5,Chelsy,Iskov
419981331-4,Windy,Licas
533242417-5,Jerrie,Gawith
372851170-6,Coriss,Marlon
293938560-2,Randee,Handasyde
855571291-2,Channa,Kensington
905090126-3,Cleopatra,Hasluck
764435445-X,Mab,Brimacombe
746946676-2,Dolph,Pratley
191885450-5,Dalenna,Veitch
481023585-8,Jefferson,Hurry
695309842-2,Helene,Bruton
149917000-9,Marita,Vodden
699778367-8,Fredi,Yell
380125794-0,Kiri,Bernon
420934309-9,Connie,Raccio
676043438-2,Roseline,Monteath
414281718-3,Mahala,Beckenham
413867580-9,Sharia,Fourcade
533142324-8,Bjorn,Meachem
361181907-7,Bertha,Maffulli
905219500-5,Garrett,Devenish
846753796-5,Taffy,Hincks
312879837-0,Phillie,Chmarny
476735259-2,Puff,Levis
486875737-7,Anabella,Aynscombe
795309755-9,Eugenie,Lippi
560329169-9,Liesa,Mullord
569722729-9,Lynda,Cudihy
811851551-6,Roberto,Keddey
914421469-3,Chrissy,Schruurs
617639249-7,Donnie,Elcock
780867565-2,August,Pratley
565071151-8,Ranice,De la Barre
949560804-X,Gianina,Jeffcock
984177983-8,Mischa,Bavin
742873190-9,Dredi,Luten
335796988-2,Donella,Goward
365572203-6,Pinchas,Judkin
828179659-6,Rolph,Prozescky
591533770-8,Reta,Sheards
807393892-8,Delmar,Pumfrey
628757487-9,Gary,Tesche
331957762-X,Valina,Bremner
970538537-8,Daffi,Petrillo
819609294-6,Augusta,Greenhead
778784529-5,Sebastian,Wilcinskis
391658343-3,Ailey,Maund
336060176-9,Camellia,Cockren
426228474-3,Rayner,Abrehart
471302890-8,Frederico,Sheara
239904474-6,Tiff,Riccioppo
637792099-7,Melisa,Colchett
982651991-X,Erhard,Beddall
400380698-0,Myrilla,Rigard
086743004-4,Ardisj,Cochrane
197934209-1,Seth,Klamman
834098769-0,Kira,Buick
197964769-0,Viv,Franek
381284719-1,Marlow,Cleiment
261443679-8,Leopold,Lundbech
898151046-6,Verna,O'Neil
324790292-9,Roxi,Chopy
040194189-2,Minette,Roseby
321044780-2,Damita,Babe
843379410-8,Caye,Regina
702167368-X,Kelley,Gwillim
994455125-2,Irving,Myrtle
333984359-7,Isis,Attryde
552549305-5,Darnell,Winckles
393943027-7,Gabbie,Wickham
994539049-X,Nikolos,Rosensaft
410041101-4,Yetta,Sanday
970301032-6,Hershel,Jacmard
764728047-3,Dannye,Cairns
253466938-9,Rowland,Bennis
701470937-2,Luis,Duplock
470885301-7,Fanchon,Warhurst
878887032-4,Feodor,D'eathe
352658826-0,Barbara-anne,Dymond
416979703-5,Andras,Cancellario
268436263-7,Zaneta,Niset
967324632-7,Rica,Shallcroff
238203666-4,Bunny,Silverwood
053978244-0,Dana,Ninnis
218874296-6,Tamar,Kench
744542231-5,Janie,Kerbey
056726488-2,Ann,Cremen
495819241-7,Kalvin,Angear
359447219-1,Nikki,Sykes
996548504-6,Ivett,Laudham
102712945-5,Blair,Antoinet
484846906-6,Monte,Delwater
511111731-8,Dallon,Remirez
059167647-8,Arvy,Seydlitz
530956319-9,Ara,Cubuzzi
612450226-7,Grannie,Sommerling
952785418-0,Isadore,Noir
724634436-5,Modestia,Travis
481508767-9,Yancy,Rahlof
784931702-5,Cristobal,Papez
616598130-5,Germaine,Pie
397419926-8,Amalie,Bilofsky
166616693-6,Hillie,Daburn
552723284-4,Morey,Causley
019981084-2,Harman,Vannacci
288087552-8,Petrina,Timny
211091794-6,Kimbra,Leeson
549930763-6,Berrie,Noar
274728915-X,Juli,Figin
543963180-1,Vivian,Baistow
660384151-7,Kissie,Sorsby
029578378-8,Fairfax,Gearty
351479948-2,Enoch,Alsina
525071508-7,Robinet,Potteridge
225642357-3,Darcee,Henlon
349872586-6,Roseline,Tellenbroker
802040379-5,Wilburt,Greschik
636656222-9,Noelle,Bernadzki
966866495-7,Reg,Myderscough
590156785-4,Anet,Dodshun
054595366-9,Rhianna,Wannan
748723470-3,Fonz,Joselevitz
102558810-X,Chev,Francesco
768125750-0,Damara,Gandy
449907534-3,Zorine,Oxenbury
602319231-9,Tamma,Brimblecombe
756432131-8,Glyn,Reinhard
267665384-9,Valentia,Forty
895957223-3,Katti,Gallanders
726653524-7,Caryn,Kobelt
368794889-7,Theresa,Carvilla
549708040-5,Claudia,Greatbank
331220010-5,Fancie,Sorro
431449449-2,Way,Rubinsztein
200044340-0,Ulrikaumeko,Sandlin
116277202-6,Mord,Arsnell
704852965-2,Jeffy,Gason
800744224-3,Sara,Bourdon
202086715-X,Myrah,Ferrarese
239532540-6,Teressa,Nobriga
011649084-5,Cash,Franek
921858983-0,Isaiah,Garbott
316571682-X,Anjanette,Wrate
638394317-0,Konstantine,Roach
751287263-1,Janelle,Gosney
424762986-7,Bessie,D'Adda
776384126-5,Marshall,Hoxey
267245515-5,Engracia,Bedberry
602677663-X,Maddy,Gush
861794461-7,Quinton,Bridgeland
608433355-9,Sib,Buie
837410522-4,Ardella,Djuricic
080194995-5,Emilia,Skullet
089146061-6,Karl,Lucks
594935740-X,Nedi,Lucy
078922480-1,Maurits,Jacke
291802885-1,Anatola,Gierck
824346670-3,Arney,Marishenko
009280073-4,Jacenta,Wheowall
258914963-8,Ailee,Strangman
361562054-2,Abelard,Jori
677855841-5,Egor,Szwandt
926978751-6,Robby,Sawood
849372546-3,Craggy,Beahan
615651189-X,Inger,MacRannell
072393614-5,Rochella,Rodda
579344090-9,Barr,Markussen
387835868-7,Conney,Kupec
054091842-3,Trixie,Davion
306899517-5,Henrik,Cofax
258430245-4,Tanya,Mingay
076342404-8,Mable,Petschelt
392799500-2,Anne-marie,Lochet
172189798-4,Phineas,Pawlicki
446377851-4,Ezri,Haslen
935873241-5,Else,Faichnie
993383462-2,Emelen,O'Bradden
421032719-0,Payton,Lynskey
858753842-X,Lock,Penwell
557619450-0,Maribelle,Krzyzaniak
108003172-3,Dredi,Bellon
792799693-2,Nicolle,O'Brogan
033607548-0,Zebulen,Picheford
738606835-2,Dayna,Shillingford
245142407-9,Kelly,Bennetts
397933768-5,Ronalda,Saunders
936963044-9,Elmer,Weddup
891091148-4,Carlo,Davydochkin
511768928-3,Olivier,Andrioli
464824817-1,Angeli,Hutton
634159434-8,Lonnard,Postlewhite
439087248-6,Cornell,Stiff
615408650-4,Etienne,Druce
035530064-8,Eimile,Crosse
827453429-8,Larry,Harget
242637311-3,Berty,Jowle
519605677-7,Jessie,Franklin
076047870-8,Valida,Duthy
906370229-9,Nickolas,Offill
984414328-4,Phyllys,Bravington
801564305-8,Sybyl,Boom
941987528-8,Arty,Spilsburie
330116881-7,Seward,Elsy
688690263-6,Michale,Biggar
861641607-2,Dotti,Salvadore
966165725-4,Melonie,Baike
599589298-3,Lanna,Gutteridge
674114302-5,Hunt,Jonke
719941719-5,Blakelee,Lafont
501067950-7,Maitilde,Gamet
640762480-0,De witt,Philipsen
070646659-4,Basile,Capenor
658378853-5,Janis,Kilbourne
324323313-5,Laney,Pickup
367937619-7,Eddie,Ogilvie
856543975-5,Kerry,Syratt
115559307-3,Kelsey,Hulance
935685886-1,Michail,Berry
022283231-2,Glory,Glazebrook
645235208-3,Callida,Rowen
455465355-2,Isabel,Vany
158176543-6,Jonis,Rosenstiel
244952202-6,Larine,Langeren
351029019-4,Wilbert,Trebilcock
216520652-9,Elenore,Ginnelly
250623013-0,Cindra,Jacklin
789306184-7,Barnebas,Cowmeadow
676997898-9,Sharity,Greson
414054219-5,Myrle,Pauli
211554275-4,Charmian,Dobing
842932860-2,Vida,Duncan
109732167-3,Connie,Pratchett
791437681-7,Brien,Denyukin
378072055-8,Adolph,Pendlebery
389320022-3,Lurlene,Iskov
745786495-4,Giffer,Keizman
329959526-1,Burk,Rumble
180401342-0,Judon,Puddephatt
082069361-8,Mose,Dochon
166058568-6,Claude,Domanek
189064618-0,Patty,Mahomet
611693392-0,Revkah,Sprosson
253320897-3,Roxi,Gally
607553791-0,Winnie,Folkard
680000083-3,Barrie,Camelli
983294939-4,Lyle,Keers
002429836-0,Rhona,Priddis
933069869-7,Kasper,Kleinhandler
867343750-4,Ali,Danzelman
841347681-X,Becca,Bearne
378521367-0,Kelsey,Cattrall
786892697-X,Debora,Skedge
352194282-1,Erl,Gentery
135366329-9,Cassandre,Billie
984627380-0,Ginger,MacTurlough
722150353-2,Bob,Sanderson
268136904-5,Abbey,Beggan
094932363-2,Nessa,Dorton
773590774-5,Carlynn,Dally
845557921-8,Sorcha,Hovy
837724062-9,Melany,Kinkaid
667656567-6,Dru,Ecclestone
504165032-2,Sunshine,Marcussen
848684613-7,Dante,Oluwatoyin
074092034-0,Andre,Durno
451419297-X,Hagen,Kubecka
888528418-3,Andy,Milington
634137267-1,Fey,Elfes
577373899-6,Lira,Brachell
633950215-6,Britt,Ream
987057184-0,Valencia,Buswell
774371959-6,Sissie,Crossfield
609526492-8,Isa,Lilbourne
448868694-X,Rosemaria,Spatig
764013065-4,Henrietta,Bau
560226157-5,Seth,Giacovetti
211916740-0,Hermy,Whitwood
153108475-3,Aubert,Knight
627431065-7,Leanora,Mateiko
217414454-9,Langsdon,Pinchbeck
723789344-0,Garv,Eastam
285867817-0,Joelly,Ceschi
004733975-6,Chloris,O'Carrol
009541344-8,Tabbi,Shorte
679086429-6,Vera,Nevitt
161948158-8,Wyatt,Donnersberg
434487442-0,Wilhelmina,Fautly
842567675-4,Penn,Kneeland
739048466-7,Bartie,Landre
682186738-0,Cecilius,Wadly
514246570-9,Joelie,Climson
255200581-0,Lauren,Golde
182250504-6,Nanette,Trayhorn
311441811-2,Allyson,I'anson
106845276-5,Hendrik,Diament
313868439-4,Wenda,Garmons
018935590-5,Licha,Pinel
389751006-5,Kienan,Brockwell
741047560-9,Kim,Behne
102162715-1,Timi,Denys
434175310-X,Adriena,Harmeston
167404069-5,Georgi,Rafferty
178801107-4,Corrine,Stegel
225565326-5,Paolina,Lezemere
938415732-5,Buddie,Garbutt
509172565-2,Scarface,Senchenko
645998927-3,Randa,Hendrickson
988665707-3,Casandra,Yarker
431878447-9,Kahlil,Fanner
273385474-7,Maggie,Emmet
490276300-1,Cornell,Rudram
925190109-0,Cecilla,Zanelli
148700509-1,Angil,Gulleford
617257390-X,Rheta,Crummie
487508460-9,Deeyn,Medford
178318648-8,Vidovic,Somerscales
668758956-3,Kin,Shobrook
705888125-1,Chrotoem,Asquith
045473403-4,Morganne,Wimms
654461194-8,Sutherlan,Emerine
527766023-2,Morganica,Ballam
602554847-1,Jonell,Munn
660047861-6,Shawn,Surmeyer
651799072-0,Valdemar,Bard
227316593-5,Xaviera,Morican
116815320-4,Ingeberg,Saphin
180642731-1,Kaspar,Stitcher
480007919-5,Marguerite,Vanes
495774661-3,Kellia,O'Gleasane
468710578-5,Mufi,Wisedale
566118571-5,Sara,Hurtado
151579720-1,Tawnya,Buist
088034865-8,Burt,MacGorman
664416341-6,Sal,Vuitton
101788983-X,Shalna,Klyn
339469083-7,Adina,Petrak
414775815-0,Thomasina,Eingerfield
135944862-4,Gardener,Damerell
889071669-X,Edward,Martina
002830823-9,Humberto,Elgee
719025207-X,Ashlen,Lampl
645387330-3,Benedikt,Lush
775372095-3,Aeriela,Alderton
050496593-X,Siobhan,Sansam
470369849-8,Nathanil,Ketteridge
014445815-2,Sigismund,Bilby
750808167-6,Gordy,Lonnon
438649786-2,Maggie,Ashwell
460624635-9,Randolf,Franceschielli
256888916-0,Kendra,Crucitti
961039046-3,Alejandra,Apple
678317677-0,Mathew,Cheson
813150481-6,Alejandro,Doolan
826631501-9,Randal,Merrell
559152519-9,Raye,Chittey
383394406-4,Natividad,Benger
044994809-9,Marna,Douty
511217872-8,Sheila-kathryn,Checci
973943391-X,Mendie,Shearn
039095421-7,Olly,Shugg
229878796-4,Loren,Laws
260602832-5,Carrissa,Mitchenson
351558391-2,Kasper,Milborn
536026480-2,Godfrey,Thys
306492518-0,Jeromy,Arnholtz
627529866-9,Ely,Bondley
883309218-6,Dewey,Moulding
719334148-0,Brit,Walpole
802033927-2,Anne,Dominec
061836826-4,Myca,Antoshin
435343701-1,Abbe,Coram
520846276-1,Abbye,Harmson
348148089-X,Ellie,Dyett
409533057-0,Reeba,Sagrott
404942731-1,Gus,Wyld
248186456-5,Lydia,Bartolomieu
602271640-3,Colene,Pickering
624467108-2,Alexandro,Jemmison
798017207-8,Cesya,Elkins
676500661-3,Dionne,Lammas
055799936-7,Perry,Trevor
736605787-8,Bunny,Kemmey
815036489-7,Irene,Glen
087233325-6,Aksel,Brumbye
627204542-5,Marika,Vassay
019560034-7,Robenia,Ream
112747088-4,Panchito,Dillinger
891243166-8,Skip,O'Curran
670929281-9,Daron,Caldroni
114937314-8,Rory,Drysdale
460057564-4,Ermengarde,Yard
998352207-1,Tracy,Lamport
147687751-3,Wynn,McGeachy
184320416-9,Briana,Junes
928905915-X,Creight,Dimitrie
892469489-8,Karin,Semon
184475368-9,Kath,Findley
364624454-2,Penny,Catteroll
967436930-9,Westley,Cufflin
607513807-2,Hadley,Aughton
235894100-X,Cariotta,Chavrin
683227465-3,Justus,Robardey
196292376-2,Benny,Ricardou
739133624-6,Floris,Eldered
736960241-9,Casey,Airth
317478370-4,Billi,Balden
590531059-9,Yolanda,Licciardello
719744957-X,Jolene,Lammert
396809743-2,Ozzie,Kennford
697691185-5,Gan,Severns
163064082-4,Felicle,Bembrick
303162069-0,Kristy,Waggitt
249303834-7,Lynnett,Docker
758513835-0,Alina,Tellenbroker
225488274-0,Othelia,Jerdein
978754696-6,Caye,Wroughton
876909922-7,Gerald,Wilford
766627456-4,Valenka,Effaunt
007732279-7,Catarina,Mosdell
904614957-9,Verine,Pecha
440663760-5,Carrissa,Frude
937197217-3,Janina,Robotham
066677822-1,Quill,Hurrell
744961040-X,Amble,Sailes
699182339-2,Marty,MacIlory
336617483-8,Deb,Bulfit
079055852-1,Filberte,Wards
580986444-9,Avictor,Leates
193616923-1,Clemente,Dewey
034059733-X,Yasmeen,Mercy
114700360-2,Edmon,Tuff
884417552-5,Findlay,Wakeman
358264334-4,Karoly,Martt
257010900-2,Hyacinthe,Splevin
658549032-0,Crichton,Ayerst
700223943-0,Bettina,Joddins
051834112-7,Cassie,Caulcutt
637330785-9,Cornie,Klossmann
493080383-7,Leeland,Rentoll
176570926-1,Breanne,Danby
645925345-5,Bonnie,Labuschagne
579867537-8,Emmye,Goalby
593366041-8,Roberta,Willson
691740724-0,Kerr,Wallicker
003604161-0,Timmi,Blundel
710254585-1,Ebba,Brimson
067470304-9,Judith,Roggerone
015462117-X,Wallie,Fishly
754683011-7,Ynez,Abbess
719917468-3,Jaime,Doudney
771763975-0,Ezra,Bakey
693228898-2,Fern,Proger
930347972-6,Tracie,Barby
860177693-0,Karlis,Ebbutt
034282240-3,Tarra,Westoff
030633248-5,Demetre,Mushawe
038715918-5,Ileane,Petyakov
860677106-6,Sloan,Frewer
700126164-5,Lanie,Lloyds
783540575-X,Joanna,Haliburn
594321822-X,Joellen,Orsman
351716466-6,Shaine,Conti
947261707-7,Beck,Soro
062083292-4,Eddy,Malkin
473791207-7,Coleen,Haugh
746204381-5,Agosto,Potapczuk
844907168-2,Terza,Trude
735128670-1,Mildrid,Ravenshear
314707622-9,Natty,Gudeman
671267058-6,Robinet,Playfair
059527616-4,Alon,Moggie
939003860-X,Ivor,Ridesdale
811504376-1,Booth,Cicchelli
852663681-2,Morgan,Ackenson
051985243-5,Ferdie,Somes
740202139-4,Loralee,Shower
935280994-7,Jarret,Clunie
622957134-X,Joyan,Bennen
160977075-7,Eddie,Brickett
366374460-4,Lise,Reary
911231358-0,Kory,Malling
677346407-2,Wylma,Coursor
804963003-X,Abdel,De Avenell
340619086-3,Isadora,Caulcutt
255767660-8,Christoforo,Caulton
718549974-7,Mercie,Skitch
230876189-X,Nettle,Klambt
835453266-6,Kira,Lissimore
969912386-9,Karylin,Zannetti
628973070-3,Yasmin,Harrild
093064679-7,Ely,Brettell
553373880-0,Sallyanne,Mattimoe
185232383-3,Delano,Sarjant
302110047-3,Aylmer,Matthieson
413339547-6,Hube,Yakhin
061364112-4,Kate,Smolan
832446317-8,Tymon,Pashley
401977708-X,Nadya,Troubridge
116075126-9,Reeba,Cattemull
433747397-1,Marybeth,Ipsley
852035566-8,Glyn,Chipps
162192265-0,Leann,Merigon
188942190-1,Amos,McTrustey
859491204-8,Dukie,Hinkens
508996616-8,Donn,Tunno
598191733-4,Eryn,Creaney
052637632-5,Timmie,O'Rudden
730797497-5,Seamus,Nell
397956439-8,Drusie,Braycotton
437017426-0,Darbee,Allden
285190198-2,Paulie,Triplet
470184774-7,Georgie,Bernetti
199846200-5,Hendrick,Sharp
341354529-9,Dale,Kemm
712802975-3,Killie,Sallenger
854187628-4,Marlo,Richley
256722696-6,Wiley,Timlin
736142724-3,Virgina,Swatridge
413433371-7,Garner,Geill
075408152-4,Hertha,Mellanby
983809837-X,Ranna,Pohls
442514586-0,Derwin,Surmon
848008680-7,Blythe,Barns
215745417-9,Fawnia,Brandassi
531147187-5,Emmye,Moverley
092963956-1,Kenton,McLukie
916239272-7,Karisa,Varndell
320783141-9,Brantley,Tooth
813430264-5,Avrom,Cockerton
025401058-X,Bil,Westmore
060969252-6,Correy,Baumann
892335134-2,Cherrita,Jowle
399042127-1,Armando,Robjant
712903701-6,Seumas,Jewer
635049687-6,Bridget,Dyer
494593148-8,Giacopo,Buckberry
763939010-9,Merrel,Magrane
168487422-X,Manda,Yves
093539509-1,Cori,Reiners
487296919-7,Ray,Bridson
279997808-8,Cathie,Ogley
152795521-4,Domenic,Izen
928036011-6,Colan,Spear
822817627-9,Ruth,Middlemiss
566635102-8,Nathanil,Sherborne
344814256-5,Enrika,Standeven
084786542-8,Rogerio,Vann
191000400-6,Anjanette,Crucitti
466713994-3,Morton,Cleland
901572412-1,Swen,Wallworke
729275355-8,Sibylla,Gowan
500612732-5,Ricard,Andrusov
710764493-9,Egbert,Coronas
549139384-3,Berri,Dobel
900843727-9,Rochelle,Carlisso
880574582-0,Niccolo,Marfield
983412154-7,Oneida,Goodswen
409026505-3,Waiter,Giraudeau
656356186-1,Zachariah,Newlove
621339302-1,Simone,Surtees
643767785-6,Mavra,Amar
439421462-9,Avrit,Mowles
