284098597-7,287353870-8,Talcum Powder,Comedy,2012
206513160-8,861825986-1,Watchmen: Tales of the Black Freighter,Action|Adventure|Animation|Horror,2004
411454204-3,657546195-6,Unmade Beds,Documentary,2009
321174488-6,801204038-7,Page Miss Glory,Comedy,2008
067388250-0,932842325-2,Zus & Zo,Comedy|Drama|Romance,1996
787186440-8,799375791-6,Blood Runs Cold,Horror,2008
077993095-9,494317351-9,Season of Monsters (Szörnyek évadja) ,Drama,2010
522752658-3,054758956-5,Yellow Sky,Crime|Western,1994
381636505-1,755385214-7,Hollywood Complex. The,Documentary,1993
515549296-3,244772955-3,Green Pastures. The,Drama,1993
518471455-3,210488569-8,Rose Tattoo. The,Drama|Romance,2011
639732823-6,638204889-5,St Trinian's 2: The Legend of Fritton's Gold,Adventure|Comedy,1996
813448933-8,198751635-4,Nausicaä of the Valley of the Wind (Kaze no tani no Naushika),Adventure|Animation|Drama|Fantasy|Sci-Fi,1990
520701652-0,900033769-0,Justice League: Doom ,Action|Animation|Fantasy,2002
209998029-2,459067332-0,Bertie and Elizabeth,Drama,2011
023922825-1,811899445-7,Distant Thunder,Drama,2008
909063063-5,833875532-X,Birdcage Inn (Paran daemun),Drama,2007
282037587-1,818669816-7,True Grit,Western,1988
979343473-2,824188993-3,Jim Jefferies: Alcoholocaust,Comedy,2005
319715961-6,649972357-6,Little Lord Fauntleroy,Drama,2007
582982206-7,894692342-3,Night of the Living Dead,Horror|Sci-Fi|Thriller,1990
559771140-7,926398088-8,Saludos Amigos,Animation|Children|Comedy,2006
452786590-0,702612043-3,Crimes and Misdemeanors,Comedy|Crime|Drama,1995
684026005-4,635307869-2,Crawlspace,Horror|Thriller,1995
275760826-6,640947335-4,Fast Food. Fast Women,Comedy|Romance,1993
020269309-0,461060536-8,Compliance,Drama|Thriller,1998
207153509-X,790592613-3,David and Lisa,Drama,2001
010573573-6,400279515-2,She,Action|Adventure|Drama|Fantasy|Horror|Romance|Sci-Fi,2004
191831852-2,337131387-5,Ju-on: Black Ghost,Horror,2010
398095406-4,818980477-4,Inglourious Basterds,Action|Drama|War,1998
569105973-4,502575222-1,May in the Summer,Comedy|Drama,2009
368562543-8,173539677-X,Winter Nomads,Documentary,2004
295768957-X,898758499-2,Killer Klowns from Outer Space,Comedy|Horror|Sci-Fi,2003
988056073-6,514624411-1,Beau Geste,Action|Adventure|Drama|War,1998
837164149-4,946448435-7,Orwell Rolls in His Grave,Documentary,2010
031057414-5,266911562-4,Vengeance: The Story of Tony Cimo,(no genres listed),2002
590413543-2,283396383-1,North by Northwest,Action|Adventure|Mystery|Romance|Thriller,2006
620027564-5,449032507-X,Quarantine 2: Terminal,Horror|Mystery|Sci-Fi,2010
008672912-8,139208798-8,Delta,Drama,2006
526916297-0,964531258-2,Who's the Man?,Comedy,2002
561058506-6,190734509-4,Shanghai Dreams (Qing hong),Drama,1990
537807622-6,292255373-6,With Great Power: The Stan Lee Story,Documentary,1995
890304340-5,079316835-X,Honeydripper,Drama,1985
006402642-6,625900345-5,Susannah of the Mounties,Drama,2006
315402887-0,263951098-3,Senso,Drama|Romance|War,2009
814433595-3,777442334-6,Monsignor,Drama|War,2000
567489242-3,020865426-7,Agent Red,Action,1986
290675323-8,899353501-9,Unforgiven,Drama|Western,1996
568599079-0,568491246-X,Anatomy of Hell (Anatomie de l'enfer),Drama,1984
371011704-6,793985153-5,If You Love (Jos rakastat),Drama|Musical|Romance,2012
186558691-9,405713321-6,Peaceful Warrior,Drama,1992
719432312-5,553346820-X,Sophie's World (Sofies verden),Adventure|Drama|Fantasy,1987
162303766-2,434942367-2,Last of England. The,Drama,2005
067993835-4,328444348-7,Living and the Dead. The,Drama|Horror|Mystery,2004
718609435-X,808416693-X,Madagascar Skin,Romance,2006
967021278-2,731975304-9,That's Entertainment. Part II,Documentary,2006
911730428-8,747919172-3,In the Name of the Law,Drama,1999
291653820-8,294209983-6,Urban Legends: Final Cut,Horror,2011
373847032-8,515773377-1,Hospital. The,Comedy|Drama,2003
103861916-5,563141212-8,Flight Command,Drama|War,2010
057302587-8,883352149-4,Mr. Death: The Rise and Fall of Fred A. Leuchter. Jr.,Documentary,2007
864135104-3,292480037-4,Deceit,Sci-Fi,2008
026961643-8,639888879-0,Boy,Drama|Romance,2000
821384434-3,775303500-2,Sherlock Holmes: Terror by Night,Crime|Mystery|Thriller,2009
233444567-3,602584132-2,Terumae romae (Thermae Romae),Comedy|Sci-Fi,1996
091334674-8,731276920-9,Bomb It,Documentary,2011
482304910-1,650264767-7,New Wave. A,Action|Crime,2003
613698513-6,236373779-2,When Night Is Falling,Drama|Romance,1994
465268485-1,091424024-2,I Want Someone to Eat Cheese With,Comedy,2008
501745713-5,998385234-9,Newsies,Children|Musical,2008
049602969-X,720129299-4,Millennium Mambo (Qian xi man po),Drama|Romance,1999
540489027-4,975980669-X,Day of the Outlaw,Western,1994
992138573-9,760062291-2,Attack!,Drama|War,2012
229098486-8,498508743-2,Barabbas,Adventure|Drama,2012
316672789-2,187670128-5,Stuck ,Documentary,2004
779369273-X,184698184-0,Bring It On,Comedy,1997
165870019-8,769923472-3,Indian Summer (a.k.a. Alive & Kicking),Comedy|Drama,2002
619728522-3,139450722-4,Sunchaser. The,Drama,1987
236595810-9,385260398-6,Lust for Life,Drama,1997
408524943-6,750970832-X,Student Prince in Old Heidelberg. The,Drama|Romance,1964
867470878-1,035668901-8,Jimmy's Hall,Drama,1994
914839180-8,340115511-3,The Cruel Sea,Drama|War,2011
702435685-5,751816706-9,Fiddle-de-dee,Animation|Musical,2004
774486437-9,176697967-X,Quiet American. The,Drama|Thriller|War,2012
281148043-9,638665468-4,Poolboy: Drowning Out the Fury,Comedy,2010
730511646-7,168915788-7,Sleeping Beauty. The (La belle endormie),Drama,2012
801204892-2,189199579-0,Flood,Action|Drama|Thriller,2010
345383197-7,610918519-1,Erin Brockovich,Drama,1990
428954860-1,955767358-3,Harry Potter and the Order of the Phoenix,Adventure|Drama|Fantasy|IMAX,2004
233058537-3,477254026-1,Jakob the Liar,Drama,2005
854457229-4,253284874-X,Alice in Wonderland,Adventure|Children|Fantasy,1996
409440564-X,758366229-X,Mexican Hayride,Comedy,2008
749084275-1,980197132-0,Emotion,Comedy|Horror,2007
090486636-X,088710619-6,Moon-Spinners. The,Children|Mystery,2008
991199717-0,385322172-6,Blue Chips,Drama,2008
555176634-9,030726951-5,Cherrybomb,Drama|Thriller,2009
080892241-6,085768301-2,As I Lay Dying,Drama,2012
407614521-6,851072206-4,Paper Will Be Blue. The (Hîrtia va fi albastrã),Action|Drama,1998
157383779-2,082929564-X,17 Girls (17 filles),Drama,1990
239531399-8,236711844-2,Jar City (Mýrin),Crime|Drama|Thriller,1994
489201121-5,003143344-8,Ebola Syndrome. The (Yi boh laai beng duk),Comedy|Horror,1994
490243529-2,988203502-7,The Land Before Time IX: Journey to the Big Water,Adventure|Animation|Children,2000
673185906-0,154405778-4,Good Night to Die. A,Action|Comedy|Crime|Thriller,1992
649179279-X,456134070-X,The Bride Wore Red,Comedy|Drama|Romance,2007
125141264-5,082292232-0,Julia's Eyes (Ojos de Julia. Los),Horror|Thriller,2008
921091190-3,984101530-7,Who Killed Bambi? (Qui a tué Bambi?),Drama|Thriller,2004
924693606-X,185649762-3,Toe to Toe,Drama,1989
345074999-4,062149788-6,Without a Clue,Comedy|Mystery,2001
839707653-0,687675466-9,Wave. The,Drama,1993
236696598-2,996346155-7,Goya in Bordeaux (Goya en Burdeos),Drama,2006
088433413-9,344323300-7,Around the Bend,Drama,1992
604456830-X,233345014-2,Ito: A Diary of an Urban Priest (Seitti - kilvoittelijan päiväkirja),Documentary,2013
756552429-8,507593689-X,Mr. & Mrs. Smith,Comedy|Romance,1998
166244642-X,886288843-0,Matador. The,Comedy|Drama|Thriller,2001
551771076-X,455736355-5,Bring It On: Fight to the Finish,Comedy,1997
407638923-9,063319618-5,China Syndrome. The,Drama|Thriller,2001
089448330-7,648386515-5,Single Shot. A,Crime|Drama|Film-Noir|Thriller,2003
702818254-1,944057481-X,Windstruck (Nae yeojachingureul sogae habnida),Comedy|Crime|Drama,2003
826919040-3,782056354-0,Storage,Thriller,2011
120692369-5,980316710-3,How to Stuff a Wild Bikini,Comedy,2002
988418632-4,889688428-4,Lesbian Vampire Killers,Action|Comedy|Horror,1997
649927293-0,136486711-7,Rise and Fall of Legs Diamond. The,Crime,1968
564222369-0,915542866-5,One Foot in Heaven,Drama,2004
053139724-6,134695990-0,Rapt,Drama,2008
969731512-4,327216921-0,Wishful Drinking,Documentary,2013
902035035-8,853318133-7,Perfect Getaway. A,Horror|Thriller,1987
781298059-6,077221534-0,Money for Nothing,Comedy|Crime,2011
862895833-9,194606114-X,Hotel,Drama,1999
619259164-4,236398388-2,Coming Home (Gui lai),Drama,2003
474966207-0,387872410-1,Inheritance. The (Karami-ai),Drama,1997
811760152-4,104997045-4,Andy Hardy's Double Life,Comedy|Romance,2006
054541817-8,210183802-8,M*A*S*H (a.k.a. MASH),Comedy|Drama|War,2009
085848201-0,120051224-3,Killer Condom (Kondom des Grauens),Comedy|Horror|Romance|Sci-Fi,2011
060194492-5,712113788-7,Luck by Chance,Drama,2011
228377757-7,771052754-X,Samurai III: Duel on Ganryu Island (a.k.a. Bushido) (Miyamoto Musashi kanketsuhen: kettô Ganryûjima),Action|Adventure|Drama,1998
939938660-0,156477324-8,Incendiary,Drama|Mystery|Romance|Thriller,2010
875105022-6,070133201-8,Lord of Illusions,Horror,2012
447154752-6,111211163-8,Bad Seed. The,Drama|Thriller,1998
610062930-5,041115394-3,Home Sweet Home,Comedy,1997
248563546-3,730905985-9,Domino,Crime|Drama|Thriller,1991
337292923-3,107972288-2,My Father and My Son (Babam ve oglum),Drama,1986
640641822-0,006537538-6,Bajo la Sal (Under the Salt),Mystery|Thriller,2007
418076106-8,751094653-0,Far from Home,Thriller,2012
848907626-X,948213181-9,Lion in Winter. The,Drama,2009
511110123-3,384664171-5,Turbo: A Power Rangers Movie,Action|Adventure|Children,1996
705402367-6,946103353-2,Devil's in the Details. The,Thriller,1997
659255027-9,220530316-3,Dark Shadows,Comedy|Horror|IMAX,2002
246698948-4,536903740-X,George & A.J.,Animation|Children|Comedy,2007
258984915-X,187017522-0,Pope's Toilet. The (El bano del Papa),Drama,1999
214650014-X,730012805-X,WarGames,Drama|Sci-Fi|Thriller,2010
374100995-4,082274273-X,How to Die in Oregon,Documentary|Drama,1995
857642308-1,910021899-5,Radio Rebel,Drama,2006
271514232-3,677084242-4,Martin Lawrence: You So Crazy,Comedy|Documentary,2009
405624550-9,671028294-5,Chef in Love. A (Shekvarebuli kulinaris ataserti retsepti),Comedy|Romance,2001
350179708-7,660416436-5,Big White. The,Comedy|Crime|Drama,2010
136725511-2,131397650-4,Dead Man and Being Happy. The (El muerto y ser feliz),Drama,2011
064328567-9,644758988-7,Liverpool,Drama,1985
134884390-X,381238566-X,No Regrets for Our Youth (Waga seishun ni kuinashi),Drama,1998
094274128-5,535244527-5,Young at Heart,Drama|Musical|Romance,2008
566402245-0,083764680-4,Hunchback. The,Drama,2012
275300474-9,674463271-X,Soft Toilet Seats,Comedy,2009
225406803-2,949451182-4,Julia's Eyes (Ojos de Julia. Los),Horror|Thriller,1997
090587916-3,199722933-1,Outrageous Class (Hababam sinifi),Comedy|Drama,2005
719586744-7,645857729-X,Lives of a Bengal Lancer. The,Adventure|Drama,1999
485050859-6,477600081-4,Big Daddy,Comedy,2009
184122459-6,634759634-2,Kisses,Drama,1995
278464552-5,302747045-0,La vérité si je mens !,Comedy,1999
853523219-2,931824306-5,Boogie-Doodle,Animation,2011
524006764-3,362912753-3,Jew in the Lotus. The,Documentary,2011
429460860-9,051196091-3,Web of Death. The,Action|Adventure|Fantasy|Horror,1995
002442175-8,657573433-2,Born in East L.A.,Comedy,2003
440945205-3,742490555-4,Bootmen,Comedy|Drama,2005
804085892-5,989482947-3,Princess Mononoke (Mononoke-hime),Action|Adventure|Animation|Drama|Fantasy,1992
472156054-0,669857642-5,I'm Not Rappaport,Comedy,1989
417851035-5,534834121-5,Nanny. The,Drama|Thriller,1995
254683565-3,404347131-9,Teenage,Documentary,2006
376624172-9,174978426-2,We Need to Talk About Kevin,Drama|Thriller,1995
862911887-3,311839767-5,Walk on the Moon. A,Drama|Romance,1992
217965485-5,459426103-5,Countess from Hong Kong. A,Comedy,2004
415089820-0,700422138-5,Ben-Hur,Action|Adventure|Drama,1999
018201930-6,136247055-4,Centenarian Who Climbed Out the Window and Vanished. The (Hundraåringen som klev ut genom fönstret och försvann),Adventure|Comedy|Drama,1999
152533434-4,125374455-6,Hum Dil De Chuke Sanam,Drama|Romance,2013
806073897-6,475308464-7,Reggie Watts: Why Shit So Crazy?,Comedy,2011
970074924-X,174762502-7,Miracle on 34th Street,Drama,2000
831536448-0,608879424-0,State Fair,Comedy|Drama|Romance,1998
075945496-5,749531561-X,Beyond the Clouds (Al di là delle nuvole),Drama|Romance,2009
460349650-8,599776594-6,Hipsters (Stilyagi),Drama|Musical|Romance,1997
237992174-1,390940940-7,Microphone,Comedy|Drama|Musical,1995
252887319-0,601236636-1,National Theatre Live: Frankenstein,Drama|Fantasy,2009
474888363-4,239055500-4,Loaded Weapon 1 (National Lampoon's Loaded Weapon 1),Action|Comedy,2008
583137667-2,581012817-3,Cry Wolf,Crime|Drama|Mystery|Thriller,1992
068930947-3,787059006-1,Niagara,Drama|Thriller,1998
294262316-0,035078687-9,Boyz N the Hood,Crime|Drama,2008
233558095-7,521064525-8,Last Mistress. The (vieille maîtresse. Une),Drama,2000
061907794-8,168110128-9,Different from the Others (Anders als die Andern),Drama,2007
778446737-0,328600036-1,Secret Garden. The,Children|Drama,2011
106209473-5,326453055-4,Death Before Dishonor,Action|Drama,1999
454265563-6,158697768-7,Playboys. The,Drama|Romance,2005
706545319-7,044148552-9,Payback,Action|Thriller,2007
523850985-5,758323025-X,Flickering Lights (Blinkende lygter),Action|Comedy|Crime,2002
478819390-6,438873289-3,Girlfriend Experience. The,Drama,2003
047918123-3,468193780-0,Pola X,Drama|Romance,2008
068904806-8,442208493-3,Nora's Will (Cinco días sin Nora),Comedy|Drama,2010
054647574-4,386036897-4,Blood of the Vampire,Horror|Sci-Fi,2005
714014793-0,910802172-4,All Things Fair (Lust och fägring stor),Drama|Romance|War,2005
968917141-0,816564879-9,Fireworks Wednesday (Chaharshanbe-soori),Drama|Mystery|Romance,2009
881593814-1,843010724-X,Children in the Wind (Kaze no naka no kodomo),Drama,1986
049265855-2,199128851-4,Stooge. The,Comedy,2006
497020769-0,024661994-5,Law of the Lawless (Brigada),Crime,2010
932580807-2,219151310-7,Bunny Lake Is Missing,Mystery|Thriller,1996
724538993-4,155717541-1,Eden Is West (Eden à l'Ouest),Drama,2007
036243817-X,387393268-7,A Life in Dirty Movies,Documentary,1986
825152666-3,290196844-9,Magadheera,Action|Adventure|Fantasy|Romance,1986
085409510-1,332808819-9,The Indifferent Beauty,(no genres listed),1994
466013757-0,096140914-2,Mr. Moto Takes a Chance,Crime|Drama|Mystery,1999
380289600-9,748987733-4,Girl from Jones Beach. The,Comedy,1996
606939513-1,988727704-5,Joyful Noise,Comedy|Musical,2002
112846560-4,788727528-8,How I Live Now,Action|Drama|Thriller,2007
545426806-2,881393035-6,Putin's Kiss,Documentary,2010
950719516-5,496175512-5,Super Fuzz (a.k.a. Super Snooper) (Poliziotto superpiù),Action|Comedy|Sci-Fi,2012
966426581-0,489602969-0,Death Wish,Action|Crime|Drama,2007
662679579-1,121343842-X,Best Friends,Comedy|Drama|Romance,2013
164019554-8,846096794-8,Evergreen,Drama,1988
742224435-6,183521980-2,Everyone Says I Love You,Comedy|Musical|Romance,2010
936000395-6,270515425-6,Answer Man. The (a.k.a. Arlen Faber),Comedy|Romance,2003
093989759-8,191032890-1,Captain America,Action|Drama,2004
020600097-9,704620759-3,Bitter Feast,Comedy|Horror|Thriller,1999
452579024-5,916523068-X,Zapped!,Comedy|Sci-Fi,2003
154124194-0,803995399-5,Hum Tumhare Hain Sanam,Comedy|Drama|Romance,1993
429430253-4,156185478-6,Captain America,Action|Fantasy|Sci-Fi|Thriller|War,2005
959889155-0,521368326-6,And Along Come Tourists (Am Ende kommen Touristen),Drama,2007
453770148-X,945445187-1,Wild America,Adventure|Children,2002
471774692-9,144923143-8,Bone Man. The (Der Knochenmann),Crime|Thriller,2011
332509239-X,738796969-8,Jet Lag (Décalage horaire),Comedy|Romance,2004
114798264-3,562158603-4,Life's a Breeze,Comedy|Drama,2004
593340880-8,393475759-6,Bedtime Story,Comedy,2010
897255304-2,808837933-4,Anniversary Party. The,Drama,1997
140929834-5,120763319-4,Mamitas,Drama,2001
742411430-1,170075153-0,Devil Is a Woman. The,Comedy|Drama|Romance,1997
259455677-7,832964662-9,Stepdaughter. The,Horror|Thriller,2004
669693942-3,791097540-6,When Jews Were Funny,Documentary,2002
760508716-0,308748565-9,Bustin' Down the Door,Documentary,2009
685026873-2,198544249-3,World according to Ion B.. The (Lumea vazuta de Ion B),Documentary,1987
924363503-4,218331800-7,Have Dreams. Will Travel,Drama|Romance,2004
506505183-6,922655388-2,Big Trail. The,Adventure|Romance|Western,1989
207346665-6,979669633-9,Malaya,Adventure|Drama,2012
024097252-X,668677797-8,Starry Eyes,Horror,2002
650889845-0,683244565-2,Reign Over Me,Drama,2006
727659774-1,210069943-1,Gold Rush. The,Adventure|Comedy|Romance,2010
408604431-5,599539655-2,Loss of a Teardrop Diamond. The,Drama,2002
550719730-X,380998368-3,Third Wheel. The,Comedy|Romance,2009
943586907-6,924106170-7,Secret of the Grain. The (La graine et le mulet),Drama,1997
166345072-2,986819141-6,Jail Bait,Crime|Drama,2002
327336043-7,752137661-7,Passed Away,Comedy,1999
907956224-6,136041705-2,A.C.O.D.,Comedy,1992
808014874-0,639423550-4,Guest House Paradiso,Comedy|Thriller,2008
902163334-5,732662672-3,Route 666,Action|Horror|Thriller,2009
464111867-1,127013431-0,Flu,Action|Drama|Sci-Fi,1995
524039923-9,643590473-1,Täällä Pohjantähden alla II ,Drama|War,1989
392614672-9,659313707-3,Seducing Mr. Perfect,Romance,1986
898922164-1,295049219-3,Margin Call,Drama|Thriller,1996
725742023-8,990598792-4,Quadrille,Comedy|Romance,1999
098409005-3,944561449-6,Millennium Actress (Sennen joyû),Animation|Drama|Romance,1993
719743800-4,367865383-9,Paprika (Papurika),Animation|Mystery|Sci-Fi,2010
507664346-2,061876591-3,All Things Fair (Lust och fägring stor),Drama|Romance|War,1994
339555577-1,332665418-9,Box. The,Crime|Thriller,2006
521635536-7,261010820-6,Pont du Nord. Le,Comedy|Fantasy|Mystery,1995
775848524-3,886932053-7,Others. The,Drama|Horror|Mystery|Thriller,1995
382168884-X,651839527-3,Concepción Arenal. la visitadora de cárceles,Drama,2002
685665643-2,797119416-1,Hulk,Action|Adventure|Sci-Fi,1998
456521055-X,698639325-3,Pharaoh's Curse,Horror,2012
263686609-4,697701738-4,Valentino: The Last Emperor,Documentary,2009
145089746-0,617437934-5,Land of the Blind,Drama|Thriller,2000
622386502-3,986946756-3,Besotted,Drama,2008
834108944-0,921209212-8,Sinbad and the Eye of the Tiger,Adventure|Fantasy,2005
701201405-9,919727070-9,Don't Be Afraid of the Dark,Horror|Thriller,1986
572508708-5,546409380-X,All About Actresses (Le bal des actrices),Comedy|Drama,2000
838304809-2,633203149-2,Triangle (Tie saam gok),Action,2012
791145073-0,748756496-7,Lazybones,Action|Comedy|Drama|Romance|War,1995
142467222-8,924392823-6,Scum,Crime|Drama,2009
919006887-4,724860746-0,Children of a Lesser God,Drama,1987
353151346-X,566719979-3,Once Upon a Time in Shanghai,Crime,1986
005644088-X,510175452-8,Zachariah,Comedy|Musical|Western,1961
656045237-9,690608473-9,Othello (Tragedy of Othello: The Moor of Venice. The),Drama,2003
355229555-0,682040338-0,Coupe de Ville,Comedy|Drama,1995
025302882-5,554741882-X,Camp,Drama,1999
802937620-0,961726020-4,I'm a Cyborg. But That's OK (Saibogujiman kwenchana),Comedy|Drama|Romance|Sci-Fi,2012
889665299-5,506102500-8,Fan. The,Drama|Thriller,1999
337083161-9,183773015-6,Beginning of an Unknown Era (Nachalo nevedomogo veka),Drama,1996
291198490-0,780835170-9,Wicked Blood,Action|Drama|Thriller,1987
547788485-1,239882072-6,Brass Monkey,Comedy|Crime|Drama|Mystery,1994
360428578-X,520656977-1,Jodorowsky's Dune,Documentary|Sci-Fi,1986
162687611-8,506698171-3,Breed. The,Action|Adventure|Horror,2004
635110084-4,918037181-7,Think Fast. Mr. Moto,Crime|Drama|Mystery|Thriller,2012
451188270-3,388890583-4,Trade,Crime|Drama|Thriller,2012
503802200-6,332575211-X,Rollo and the Woods Sprite (Rölli ja metsänhenki),Children|Fantasy,2000
551850482-9,559883093-0,A Walk in the Woods,Adventure|Comedy|Drama,2009
835180637-4,589939224-X,Superman vs. The Elite,Action|Animation,1995
180874749-6,006528033-4,Nothing to Lose (a.k.a. Ten Benny),Drama,2007
800381926-1,477236920-1,Factotum,Drama,1994
185105772-2,456649137-4,Messengers 2: The Scarecrow,Horror|Mystery,1995
425115750-8,537069366-8,Cranes Are Flying. The (Letyat zhuravli),Drama|Romance|War,2000
571998039-3,367153102-9,We Were Soldiers,Action|Drama|War,1998
638441636-0,885649198-2,Love Actually,Comedy|Drama|Romance,1987
364595533-X,462260043-9,Cotton Mary,Drama,1995
540556339-0,840423299-7,Judy Berlin,Drama,1995
213841044-7,392809854-3,Tol'able David,Drama,2011
311476351-0,265490301-X,City Hall,Drama|Thriller,1995
766950040-9,156504669-2,Seven Invisible Men (Septyni nematomi zmones),Drama,2000
098537628-7,367243704-2,Forest of Bliss,Documentary,1992
262946243-9,736018196-8,Surrogates,Action|Sci-Fi|Thriller,1992
803113310-7,079607933-1,Captain America: The First Avenger,Action|Adventure|Sci-Fi|Thriller|War,1999
985738005-0,429856719-2,Showgirls,Drama,1981
074762019-9,170944727-3,Bread. My Sweet. The (a.k.a. Wedding for Bella. A),Drama|Romance,2012
298662841-9,409098372-X,Taxi,Action|Comedy,1985
268983559-2,898053378-0,Balseros (Cuban Rafters),Documentary,1991
065122059-9,198730053-X,Delphine 1. Yvan 0,Comedy,2000
973044205-3,405115477-7,Life Is a Long Quiet River (La vie est un long fleuve tranquille),Comedy,1999
964361038-1,014136407-6,Stroker Ace,Action|Comedy|Romance,2007
662622179-5,048025463-X,My Soul to Take,Horror|Thriller,2009
509498221-4,687154202-7,Gravity (Schwerkraft),Crime|Drama|Romance,1965
208845254-0,773738059-0,Big Trail. The,Adventure|Romance|Western,2002
449259154-0,642723635-0,Private Lessons,Comedy,2000
005285957-6,304161624-6,Goal! The Dream Begins (Goal!),Drama,2005
280734953-6,906048727-3,Ivan's Childhood (a.k.a. My Name is Ivan) (Ivanovo detstvo),Drama|War,2012
282514071-6,813649638-2,Infinity,Drama,1986
962197347-3,498975702-5,Sparkle,Drama|Musical,1992
804109422-8,341703364-0,6 Desires: DH Lawrence and Sardinia,Documentary,2012
530337370-3,031470925-8,Long Kiss Goodnight. The,Action|Drama|Thriller,2000
373551971-7,490083183-2,Land of the Lost,Action|Adventure|Comedy|Sci-Fi,2012
784953459-X,901828661-3,French Roast,Animation|Comedy,2010
228114653-7,672991562-5,On the Town,Comedy|Musical|Romance,2005
918451954-1,085921979-8,George & A.J.,Animation|Children|Comedy,2003
110791009-9,676456131-1,Big City Blues,Comedy|Drama,2003
436595065-7,959966351-9,Yu-Gi-Oh!,Animation,2004
532753299-2,331412414-7,Soft Toilet Seats,Comedy,2008
749640789-5,516657093-6,Castle of Sand. The (Suna no utsuwa),Crime|Mystery|Thriller,2002
092918267-7,787271071-4,Toward the Unknown,Drama|Romance|War,2005
308121480-7,352380063-3,Navy Seals,Action|Adventure|War,1987
744974805-3,953683666-1,Dragon Missile. The (Fei long zhan),Action,2003
979502669-0,090751711-0,Eila. Rampe and Likka,Comedy,2007
052291074-2,238845917-6,Protector (Protektor),Drama,2001
445954465-2,657579629-X,Beau Pere (a.k.a. Stepfather) (Beau-père),Drama,1990
746663488-5,215348620-3,Double Tide,Documentary,1986
417558883-3,256959576-4,8 Heads in a Duffel Bag,Comedy,1999
117762761-2,957232836-0,Texas,Drama|Romance|Western,1995
054614152-8,271827970-2,Toys in the Attic,Drama,2009
323991800-5,701277053-8,Sign of Leo. The (Signe du lion. Le),Drama,2012
770503676-2,104522795-1,Zizek!,Documentary,1995
304874289-1,438323413-5,Dennis the Menace Christmas. A,Comedy,2009
175698979-6,500993943-6,Who Is Killing the Great Chefs of Europe?,Comedy|Crime|Mystery,2005
163979872-2,661367255-6,Hail Caesar,Comedy,2012
684163595-7,580099029-8,Tempest,Comedy|Drama,1996
486894690-0,899589756-2,Death at a Funeral,Comedy,1989
795941718-0,555840009-9,Wuthering Heights,Drama,1996
817180026-2,330138143-X,Loose Change 9/11: An American Coup,Documentary,2009
541532288-4,156827637-0,His Name Was Jason: 30 Years of Friday the 13th,Documentary|Horror,1995
465329322-8,642918945-7,Mishima: A Life in Four Chapters,Drama,1997
292631375-6,294013164-3,House of the Devil. The,Horror|Thriller,2011
574698905-3,134148000-3,Labyrinth of Passion (Laberinto de Pasiones),Comedy,2007
824756140-9,764239462-4,Little Shop of Horrors. The,Comedy|Horror,1992
953384239-3,842901037-8,They Came to Cordura,Western,1994
833630492-4,881724758-8,Three Musketeers. The,Adventure|Comedy|Musical,1991
128698004-6,787210968-9,Milky Way. The,Comedy,2008
193521861-1,413252506-6,Decline of Western Civilization. The,Documentary|Musical,2011
770516940-1,676978564-1,Torments (El) (This Strange Passion),Drama|Romance,2009
810346174-1,187183269-1,Nightcap (Merci pour le chocolat),Crime|Thriller,1996
203701484-8,209779476-9,The Amazing Catfish,Comedy|Drama,2011
623439792-1,978131318-8,Free the Nipple,Comedy|Drama,1970
646192538-4,123276807-3,White Irish Drinkers,Drama,2010
834239969-9,553259875-4,Cool. Calm and Collected (Calmos),Comedy,1999
299504526-9,263846934-3,Warlock: The Armageddon,Horror,2003
980883832-4,655697389-0,Horse in the Gray Flannel Suit. The,Children|Comedy,2003
633587105-X,920261617-5,Trust the Man,Comedy|Drama|Romance,1998
383097205-9,212522072-5,Star Trek: The Motion Picture,Adventure|Sci-Fi,2009
479815521-7,771170938-2,Valachi Papers.The,Crime|Drama,2003
279964462-7,131591554-5,Stella Maris,Drama,2005
154571400-2,946944332-2,Highway 61,Comedy,2010
156376661-2,260420679-X,Same River Twice. The,Documentary,1986
201650716-0,210736414-1,Felony,Thriller,2012
838398016-7,239626005-7,Washington Square,Drama,1995
950655682-2,425422095-2,Primer,Drama|Sci-Fi,2011
671958030-2,749476558-1,Girlfriends. The (Le amiche),Drama|Romance,2006
133891103-1,623294220-5,Queen Bee,Drama,1984
352087294-3,807061258-4,Behind Enemy Lines: Colombia (Behind Enemy Lines 3: Ghost Watch),Action|Thriller|War,2010
416052328-5,433047899-4,Metal: A Headbanger's Journey,Documentary,2005
435517614-2,595693769-6,Madam Satan,Comedy|Musical|Romance,1998
650239910-X,126946231-8,Naked Souls,Sci-Fi|Thriller,1995
099554728-9,833719763-3,Pitfall (Otoshiana),Crime|Drama|Fantasy,2010
886598094-X,361455817-7,Won't Anybody Listen?,Documentary,1986
884667391-3,920316553-3,Rain Man,Drama,1994
518410196-9,796462438-5,Donnie Brasco,Crime|Drama,1992
692496095-2,423083453-5,Shaggy Dog. The,Children|Comedy,2001
815433531-X,529292058-4,Thing. The,Action|Horror|Sci-Fi|Thriller,2011
687004349-3,661130432-0,Dog Problem. The,Comedy,2000
779587934-9,605244474-6,Vertical Ray of the Sun. The (Mua he chieu thang dung),Drama,2009
288478609-0,470739886-3,Village People,Comedy,2004
087005880-0,324041470-8,Climax. The,Horror|Musical,1997
467952395-6,415311799-4,Phantasm,Horror|Sci-Fi,2005
310821300-8,072079995-3,Heaven,Drama,2001
880921303-3,020674798-5,Book of Fate. The (Kohtalon kirja),Action|Horror|Sci-Fi|War|Western,1990
534589821-9,440019264-4,Des gens qui s'embrassent,Comedy|Romance,2000
796668214-5,285112092-1,Mysterious X. The (Sealed Orders) (Det hemmelighedsfulde X),Drama|War,2001
529358472-3,974685773-8,Teenage Caveman,Horror|Sci-Fi|Thriller,1996
696264688-7,197367727-X,Joyless Street. The (Die freudlose Gasse),Drama,1986
923720760-3,275163084-7,Dragonquest,Fantasy,2008
375404468-0,871464503-3,Legally Blonde,Comedy|Romance,2004
535015511-3,544297957-0,I Am Divine,Documentary,1985
198875468-2,873604453-9,Earth to Echo,Adventure|Children|Sci-Fi,2004
397487908-0,224665417-3,Freaky Deaky,Comedy|Crime,1997
380098906-9,264613292-1,Capturing Mary,(no genres listed),1998
002864020-9,668885827-4,Cherry Crush,Drama|Thriller,1994
140484030-3,047739189-3,Wolverine. The,Action|Adventure|Fantasy|Sci-Fi,1984
749494982-8,676742126-X,Red Tails,Action|Adventure|Drama|War,2003
659255836-9,946805289-3,Northanger Abbey,Drama|Romance,2006
799250601-4,685408329-X,Tag: The Assassination Game (a.k.a. Everybody Gets It in the End),Action|Thriller,1995
185332607-0,677853861-9,Lost Boys: The Tribe,Comedy|Horror|Thriller,1975
110432732-5,452884758-2,Riding in Cars with Boys,Comedy|Drama,2004
189242126-7,170581593-6,Kickboxer 3: The Art of War (Kickboxer III: The Art of War),Action|Thriller,2005
509150425-7,177815952-4,Twilight Saga: Breaking Dawn - Part 2. The,Adventure|Drama|Fantasy|Romance|IMAX,1994
765945142-1,930518195-3,Secret Honor,Drama,2011
779481075-2,551515700-1,Murmur of the Heart (Le souffle au coeur),Drama,1998
326882654-7,158173670-3,Saratoga,Comedy|Drama|Romance,1986
229014342-1,334726023-6,Why Do Fools Fall In Love?,Drama,1991
422195261-X,959330955-1,Queen: Days of Our Lives,Documentary,2008
462662812-5,271509180-X,Last Supper. The,Drama|Thriller,2010
620072566-7,013615048-9,Fugly!,Comedy,2006
467181138-3,189245442-4,Santitos,Comedy,1994
305790082-8,874589075-7,Hi-Life,Comedy|Romance,1988
770605993-6,272807626-X,Study in Scarlet. A,Mystery|Thriller,2004
797291623-3,930570682-7,Hope Floats,Comedy|Drama|Romance,1997
616365812-4,995195115-5,Landscape with a Woman (Zena s krajolikom),Drama,1992
679144999-3,572476425-3,Clone (Womb),Drama|Romance|Sci-Fi,1994
808392201-3,725760910-1,Death Before Dishonor,Action|Drama,2012
568230148-X,642783250-6,Casper,Adventure|Children,2008
306940350-6,888046430-2,Sherlock Holmes in Washington,Crime|Mystery,1989
117679330-6,029045512-X,Blood into Wine,Documentary,2009
133954041-X,728118983-4,Ring Finger. The (L'annulaire),Drama,2009
171536210-1,414849597-8,Little Witches,Horror|Thriller,1992
032348146-9,798276353-7,Ping Pong Playa,Comedy,2006
192815110-8,586229760-X,Kairat,Drama,2010
202683972-7,691562767-7,Liberal Arts,Comedy|Drama,2008
365436700-3,569195989-1,From Above,Drama|Romance,1994
120033382-9,647270867-3,Blindman,Western,2009
382431752-4,290430892-X,Babylon 5: A Call to Arms,Adventure|Sci-Fi,2005
962392553-0,024116681-0,Jackal. The,Action|Thriller,2009
085345882-0,978628136-5,In July (Im Juli),Comedy|Romance,2008
169802041-4,864839957-2,Full of It,Comedy|Drama,2007
715260740-0,823913907-8,Expecting a Miracle,Drama,1994
093450990-5,200427593-6,Sunset Limited. The,Drama,1993
919726188-2,977515127-9,Love Exposure (Ai No Mukidashi),Action|Comedy|Drama|Romance,2003
179878605-2,034594406-2,Starship Troopers 2: Hero of the Federation,Action|Horror|Sci-Fi|War,1999
628502040-X,484754076-X,Butterfly (La lengua de las mariposas),Drama,1998
220173696-0,928465218-9,Gun in Betty Lou's Handbag. The,Comedy|Mystery,1997
343714818-4,564342372-3,Fight Club,Action|Crime|Drama|Thriller,2006
667990294-0,058577660-1,District. The (Nyócker!),Animation|Comedy,2008
176868585-1,496973771-1,White of the Eye,Thriller,2010
623686737-2,127554494-0,Sputnik,(no genres listed),1992
661590021-1,555802365-1,Merry Widow. The,Drama|Romance,1994
995392320-5,398103537-2,Eversmile. New Jersey,Comedy|Drama|Romance,1997
350428831-0,096525031-8,Born Free,Adventure|Children|Drama,2004
916901917-7,443252130-9,Suspect. The (Yong-eui-ja),Action|Thriller,2005
323029420-3,179959392-4,Homework,(no genres listed),2005
106199574-7,532298793-2,Life Before Her Eyes. The,Drama|Thriller,1997
463826314-3,885655594-8,Goldfinger,Action|Adventure|Thriller,1998
910268049-1,021617691-3,Inauguration of the Pleasure Dome,Fantasy,2003
864814551-1,727696724-7,20.000 Days on Earth,Documentary|Drama|Musical,1992
865850219-8,374364328-6,Parineeta,Drama|Musical|Romance,1991
762514446-1,697088357-4,Flock of Dodos: The Evolution-Intelligent Design Circus,Documentary,2008
361759195-7,598382676-X,Vice,Crime|Film-Noir|Mystery|Thriller,2002
168422424-1,593684855-8,Gregoire Moulin vs. Humanity (Grégoire Moulin contre l'humanité),Comedy|Romance,1990
489409550-5,723178173-X,Babylon 5: The Legend of the Rangers: To Live and Die in Starlight,Sci-Fi,2002
232575537-1,438053073-6,Revenge of the Nerds IV: Nerds in Love,Comedy|Romance,2010
768102556-1,550907384-5,Full Moon in Blue Water,Drama,2000
938492792-9,768155357-6,With Great Power: The Stan Lee Story,Documentary,1999
433908809-9,771192329-5,Antichrist,Drama|Fantasy,2011
530180311-5,967761245-X,Doug's 1st Movie,Animation|Children,1993
642929920-1,545570571-7,Dragon Ball Z: Broly Second Coming (Doragon bôru Z 10: Kiken na futari! Sûpâ senshi wa nemurenai),Action|Adventure|Animation,1993
687269738-5,350006270-9,Make Way for Tomorrow,Drama,1997
035719288-5,234979784-8,It's All Gone Pete Tong,Comedy|Drama|Musical,1992
409026425-1,628641107-0,Tripping the Rift: The Movie,Animation|Comedy|Sci-Fi,2002
804111299-4,453330191-6,Medora,Documentary,2002
239928022-9,314344093-7,Candles on Bay Street ,Drama,2004
298490741-8,337921060-9,Legend of Sleepy Hollow. The,Comedy|Fantasy|Horror,1992
270508893-8,874317579-1,The Great Kidnapping,Action|Crime|Thriller,1997
628707629-1,861845157-6,Sanshiro Sugata Part Two (Judo Saga II) (Zoku Sugata Sanshirô),Action|Adventure,1992
157919702-7,260272660-5,Murder at the Gallop,Comedy|Crime|Drama|Mystery|Thriller,2005
685695783-1,989235272-6,Live Flesh (Carne trémula),Drama|Romance,1997
800504894-7,962508581-5,Ballad of a Soldier (Ballada o soldate),Drama|Romance|War,1987
622270724-6,050408221-3,K.G. (Karate Girl),Action,1998
786697137-4,716566356-8,World According to Dick Cheney. The ,Documentary,2011
540272844-5,261262046-X,Thrive,Documentary,2009
369932149-5,002651790-6,Adventures of Milo and Otis. The (Koneko monogatari),Adventure|Children|Comedy|Drama,2007
458790678-6,100516689-7,Tinker. Tailor. Soldier. Spy,Drama|Thriller,2012
386607150-7,151404358-0,The Vexxer,Comedy|Crime,2004
787460316-8,394620097-4,Tuskegee Airmen. The,Drama|War,2010
588937514-8,235357986-8,Project X,Comedy,1995
926169603-1,916973098-9,Victim,Horror|Thriller,1990
097112326-8,068510533-4,Babylon 5,Sci-Fi,1998
684236674-7,738252390-X,Twentynine Palms,Drama|Horror,2010
278271469-4,327523732-2,Scenes from the Class Struggle in Beverly Hills,Comedy,2012
884645756-0,467004516-4,Heli,Crime|Drama,1994
237756865-3,735518773-2,Lord of Tears,Drama|Horror,2010
070396134-9,113256514-6,Breach,Drama|Thriller,2006
933061537-6,415210954-8,Splendor,Comedy,2008
090473962-7,480557764-9,13th Letter. The,Film-Noir,2013
274669805-6,900127157-X,Big Mommas: Like Father. Like Son,Comedy,2006
249731133-1,495846962-1,Last Winter (L'hiver dernier),Drama,2010
423520684-2,298784024-1,White Wedding (Noce blanche),Drama|Romance,1997
605396473-5,933887340-4,Bank Dick. The,Comedy,1997
435204423-7,181123186-1,Matrimonial Comedy (Komedia malzenska),Comedy,2003
357762547-3,564758175-7,Story of Mankind. The,Drama|Fantasy,2002
552208000-0,451290912-5,Unforgettable Summer. An (Un été inoubliable),Drama,2004
698807281-0,621072547-3,Masterminds,Action|Comedy|Thriller,2008
663205464-1,427948395-7,A.K.,Documentary,2006
338705823-3,528463380-6,Tarantula,Horror|Sci-Fi,2001
441819195-X,905728927-X,Take a Giant Step,Drama,1993
138557092-X,168045130-8,Push,Sci-Fi|Thriller,2011
317113036-X,342566474-3,Best of Youth. The (La meglio gioventù),Drama,2003
584490443-5,947810383-0,Small Time Crooks,Comedy|Crime,1992
486349570-6,866333487-7,Yongary: Monster from the Deep,Children|Horror|Sci-Fi,1995
921156963-X,234625642-0,Thirteen Ghosts (a.k.a. Thir13en Ghosts),Horror|Thriller,1991
219612323-4,967001071-3,The Divine Move,Action|Crime|Drama,2007
683498910-2,830727125-8,Shadowlands,Drama|Romance,1997
163691762-3,843555988-2,Cabaret Balkan (Bure Baruta),Drama,1992
526654710-3,647751119-3,Police Academy 4: Citizens on Patrol,Comedy|Crime,1994
419074869-2,136175763-9,Color of Friendship. The,Comedy|Drama,1995
089575823-7,123889684-7,'Human' Factor. The (Human Factor. The),Drama|Thriller,1994
353238281-4,405090395-4,Zatoichi's Flashing Sword (Zatôichi abare tako) (Zatôichi 7),Action|Drama,1998
896548506-1,412089128-3,Soap and Water,Comedy,2003
141635086-1,982237892-0,Bug's Life. A,Adventure|Animation|Children|Comedy,1991
330036528-7,092272027-4,Blue,Drama,2012
866952384-1,302118767-6,Beer,Comedy,2001
171122765-X,682231039-8,Clan of the Cave Bear. The,Adventure|Drama|Fantasy,1986
238021163-9,216891111-8,19th Wife. The,Drama,2000
361721851-2,331996234-5,Luke and Lucy: The Texas Rangers (Suske en Wiske: De Texas rakkers),Adventure|Animation|Comedy|Western,2008
215226851-2,839427969-4,Cut and Run (Inferno in diretta),Adventure|Horror|Thriller,1984
503944126-6,626748976-0,Mating of Millie. The,Comedy|Romance,2008
086299404-7,259094141-2,Inspector Palmu's Error (Komisario Palmun erehdys),Comedy|Crime|Mystery|Thriller,2013
098936986-2,509413188-5,Naked Gun: From the Files of Police Squad!. The,Action|Comedy|Crime|Romance,1994
796017148-3,591765038-1,Jönssonligan på Mallorca,Comedy,1993
083053887-9,365224482-6,Mad Dog Time,Crime,2011
439097472-6,277211744-8,Dirty Deeds,Action|Comedy|Crime,1996
142985044-2,993748719-6,Librarian: Return to King Solomon's Mines. The,Action|Adventure|Fantasy,2008
292391652-2,015697183-6,Hellraiser: Hellseeker,Horror,2007
947453322-9,315157792-X,Unrated II: Scary as Hell,Horror,1994
866922683-9,424107149-X,Dragon ball Z 04: Lord Slug,Animation|Children,1970
667438511-5,437939279-1,Where Are My Children?,Drama,1993
695265638-3,436607606-3,Hercules and the Lost Kingdom,Action|Adventure|Fantasy|Sci-Fi,2010
584183632-3,280064850-3,Tucker: The Man and His Dream,Drama,2002
091302727-8,887841793-9,Edward. My Son,Drama,2004
083095556-9,764260209-X,Ice Princess,Children|Comedy|Drama,2010
885709447-2,354666491-4,Grease 2,Comedy|Musical|Romance,2000
790005998-9,954087546-3,Secret of the Grain. The (La graine et le mulet),Drama,1995
574691776-1,955437115-2,Flame and Citron (Flammen & Citronen),Action|Drama|War,2006
967065706-7,135738197-2,Joy Ride,Adventure|Thriller,1998
311912611-X,522368758-2,Goodbye Uncle Tom,Drama,2003
488461981-1,112514230-8,Tyler Perry's Diary of a Mad Black Woman,Comedy|Drama|Romance,2009
713132639-9,141401086-9,Camera Buff (Amator),Drama,1968
533137236-8,842333525-9,Montana Sky,Drama|Romance|Thriller,2005
964031236-3,534716242-2,The Great Spy Chase,Action|Comedy|Thriller,1989
081704559-7,336554174-8,Good Student. The (Mr. Gibb),Comedy,2006
842854134-5,924494829-X,Northern Soul,Drama,1998
480729560-8,784790263-X,Randy Rides Alone,Western,2008
285311431-7,613794969-9,Purpose,Drama,2012
186150589-2,455013909-9,Deux mondes. Les,Comedy|Fantasy,1997
122245922-1,030004011-3,Soldier's Sweetheart. A,Drama|War,1996
446026448-X,233331662-4,Phantom Lady,Crime|Film-Noir|Mystery,1995
956503216-8,663911756-8,13 Assassins (Jûsan-nin no shikaku),Action,2012
261940605-6,635457944-X,Rapture. The,Drama|Mystery,2006
856269793-1,979928957-2,Blood Wedding (Bodas de sangre),Drama|Musical|Romance,2002
481016276-1,339316882-7,Basketball Diaries. The,Drama,2005
163526365-4,415341340-2,Trust,Comedy|Drama|Romance,2009
529124071-7,248993167-9,Plan 9 from Outer Space,Horror|Sci-Fi,1984
451488904-0,376242126-9,Spencer's Mountain,Comedy|Drama,1997
388918313-1,262780849-4,Merry Christmas Mr. Lawrence,Drama|War,2010
040879407-0,556789682-4,Ghost Breakers. The,Comedy|Horror,2000
147150110-8,899152075-8,Vanishing on 7th Street,Horror|Mystery|Thriller,2006
942686605-1,333369696-7,Kung Fu Hustle (Gong fu),Action|Comedy,2008
142515306-2,118574387-1,Jiro Dreams of Sushi,Documentary,2012
167958924-5,891307739-6,Crows Zero (Kurôzu zero),Action,1993
387129856-5,897553622-X,Satan Never Sleeps,Drama|War,1998
904194199-1,833204932-6,Rapado,Drama,1997
148829082-2,903811273-4,I Feel Sleepy,Comedy,2011
132959348-0,983063108-7,Off and Running ,Documentary,1994
581553430-7,014381026-X,Dear Brigitte,Comedy,2002
819012074-3,771293134-8,Art of Getting By. The,Drama|Romance,2006
384041661-2,697826627-2,Charlie Chan in Reno,Comedy|Crime|Drama|Mystery|Thriller,1995
421409464-6,928988585-8,The Butterfly Effect 3: Revelations,Drama|Fantasy|Sci-Fi|Thriller,1991
011979331-8,859434875-4,Herr Lehmann,Comedy|Drama,2000
749511541-6,279756314-X,Brandon Teena Story. The,Documentary,1993
429434634-5,361356442-4,Kiss Kiss - Bang Bang,Adventure|Comedy,2012
907788611-7,312965036-9,Anazapta (Black Plague),Drama|Mystery|Thriller,1992
798286772-3,239588112-0,Final Conflict. The (a.k.a. Omen III: The Final Conflict),Horror|Thriller,2011
122929906-8,986222687-0,Love Song for Bobby Long. A,Drama,1998
467467441-7,744837692-6,Baby On Board,Comedy,2008
683602437-6,715911224-5,Second Man. The (O Defteros Andras),Drama,2008
097659787-X,364686149-5,Coronado,Action|Adventure|War,2009
819767963-0,192781444-8,We All Loved Each Other So Much (C'eravamo tanto amati),Comedy|Drama,2011
162158971-4,131174843-1,Things You Can Tell Just by Looking at Her,Drama|Romance,1985
685106131-7,402352923-0,Heidi,Children|Drama,2012
448337888-0,648117347-7,Tinseltown,Comedy|Crime|Drama,2008
401383858-3,456551963-1,Dating the Enemy,Comedy|Romance,2000
494394222-9,426267421-5,Football Factory. The,Action|Drama,2003
365206371-6,557421855-0,Princess Blade. The (Shura Yukihime),Action|Sci-Fi,1987
548620820-0,528712689-1,Polisse,Crime|Drama,2002
684602815-3,277530211-4,Dragon Ball: Sleeping Princess in Devil's Castle (Doragon bôru: Majinjô no nemuri hime),Action|Adventure|Animation|Children,2012
325121700-3,122784676-2,Poor White Trash,Comedy|Crime,2012
233949841-4,074255729-4,Midnight Movies: From the Margin to the Mainstream,Documentary,1997
951082498-4,060174518-3,Under the Volcano,Drama,2010
258725345-4,604616428-1,Tin Toy,Animation|Children,1993
152629495-8,123313651-8,Wing and the Thigh. The (L'aile ou la cuisse),Comedy,2011
953393296-1,494080409-7,Shrink Is In. The,Comedy|Romance,2011
406061676-1,024368705-2,Flame and the Arrow. The,Action|Adventure|Romance,1993
415302176-8,163094521-8,Long Walk Home. The,Drama,1986
359353198-4,512333065-8,WarGames,Drama|Sci-Fi|Thriller,2003
721222249-6,585941606-7,Pinochet Case. The (Cas Pinochet. Le),Documentary,1993
142535809-8,974642058-5,In the House,Comedy|Drama|Mystery|Thriller,2001
713901279-2,573731134-1,Island of Dr. Moreau. The,Adventure|Fantasy|Horror|Romance|Sci-Fi|Thriller,2008
149808174-6,536568110-X,Speedway Junky,Drama,2002
132028162-1,072842562-9,Rising Place. The,Drama,1997
079425598-1,339150310-6,My Name Is Joe,Drama|Romance,2011
000835640-8,660472129-9,Portraits Chinois,Drama,1987
924733147-1,103608054-4,Somewhere in the City,Comedy|Drama,2000
324042044-9,789333972-1,Debt. The,Thriller,2003
500472725-2,693479716-7,Shepard & Dark,Documentary,1992
148398470-2,663262542-8,Waltz with Bashir (Vals im Bashir),Animation|Documentary|Drama|War,2011
711019167-2,936004367-2,Back in Business,Action|Adventure,2003
833102809-0,668180041-6,Wisdom,Crime|Drama,2006
472484365-9,801343771-X,Frankenstein Unbound,Drama|Horror|Sci-Fi,1996
124054611-4,940632965-4,Feet First,Comedy,1986
852829245-2,881364322-5,Last Holiday,Comedy,1994
295183604-X,539422563-X,Snow (Snijeg),Drama,2013
654058195-5,610963828-5,Old Man Made in Spain (Abuelo made in Spain),Comedy,1995
292748941-6,042257772-3,Animal Room,Drama|Thriller,2005
160760599-6,542151920-1,Breaking Up,Comedy|Romance,2010
082600438-5,152415182-3,Kokowääh,Comedy,2011
329972218-2,874613666-5,Oh. Sun (Soleil O),Drama,2007
575984281-1,402347001-5,Imaginary Heroes,Comedy|Drama,1998
765433340-4,182598032-2,Late Autumn (Akibiyori),Comedy|Drama,1992
093424671-8,046864118-1,Jean de Florette,Drama|Mystery,1999
216518897-0,596168532-2,Prodigal Son. The (Tuhlaajapoika),Thriller,2007
468584312-6,039010942-8,Amazon Jack 2: The Movie Star (a.k.a. Hugo the Movie Star) (Jungledyret 2 - den store filmhelt),Animation|Children|Musical|Romance,2002
421202434-9,488934976-6,Oyster Farmer,Drama,2006
552946403-3,898934853-6,Serial Mom,Comedy|Crime|Horror,1968
990659196-X,453805505-0,Life as a House,Drama,1996
554165617-6,377124769-1,Runaways. The,Drama|Musical,2007
088980873-2,207210530-7,Better Things,Drama,2005
043399806-7,798005525-X,Maternal Halfbrothers (Braca po materi),Drama,2008
305314361-5,943814315-7,Boy of the Streets,Drama,2011
188216006-1,317670162-4,Volcano (Eldfjall),Drama,1995
756656582-6,077284756-8,Light Is Calling,(no genres listed),1991
283141744-9,455499686-7,American Beauty,Comedy|Drama,2004
846863169-8,387346945-6,Beyond Tomorrow (Beyond Christmas),Drama|Fantasy|Romance,1996
358494437-6,520001853-6,Descendant of the Sun (Ri jie),Action|Adventure|Fantasy|Sci-Fi,1992
658104547-0,067887431-X,How About You...,Comedy|Drama,1995
886855993-5,594938756-2,Kiss Me (Kyss Mig),Drama|Romance,1986
334307301-6,603990975-7,They All Laughed,Comedy,1985
847727440-1,177260210-8,Robocroc,Action|Horror,2008
918271346-4,049285425-4,See You Tomorrow. Everyone,Drama,1992
908267668-0,763301204-8,Whole Ten Yards. The,Action|Comedy|Crime,1998
378935621-2,605387427-2,Shadow Warriors 2 (Assault on Devil's Island),Action|Adventure|Thriller,1992
872434829-5,294536082-9,Clockers,Crime|Drama|Mystery,2009
927299829-8,837373713-8,Jupiter Ascending,Action|Adventure|Sci-Fi,1971
975013014-6,797207325-2,Fort Bliss,Drama|War,1998
237178357-9,350374214-X,To Be or Not to Be,Comedy|Drama|War,2009
062402516-0,509820485-2,Overboard,Comedy|Romance,2008
328482722-6,596829713-1,Gung Ho! (Gung Ho!: The Story of Carlson's Makin Island Raiders),Drama|War,2004
438522916-3,373038376-0,American Strays,Action,2003
356187957-8,051616647-6,Bill Hicks: Relentless,Comedy,2001
849583783-8,550813029-2,Valiant,Adventure|Animation|Children|Comedy|Fantasy|War,2005
768905319-X,409071932-1,Herbie Goes Bananas,Adventure|Children|Comedy,2010
744800545-6,138504703-8,Good Man. A (Un buen hombre),Crime|Drama,1987
288349095-3,236830220-4,My Son (Mon fils à moi),Drama,2012
476056249-4,086728476-5,Forget Me Not,Romance,2001
029475717-1,277320132-9,Strange Case of Angelica. The (O Estranho Caso de Angélica),Drama,2003
969399500-7,519701281-1,Where the Heart Is,Comedy|Drama,1998
206589019-3,877878675-4,Broken Lullaby (a.k.a. The Man I Killed),Drama,1988
630348971-0,792891198-1,The Little Matchgirl,Animation,1998
117375369-9,509993745-4,Faculty. The,Horror|Sci-Fi,2012
708728076-7,732376373-8,Cannery Row,Drama,2006
546499292-8,169813525-4,Notre jour viendra,Drama,2006
190679233-X,627917992-3,Rocketship X-M,Sci-Fi,2009
055861348-9,058985989-7,Anger Management,Comedy,1969
349836509-6,301115030-3,Lisztomania,Comedy|Fantasy|Musical,2007
355466820-6,261763373-X,Dreams That Money Can Buy,Fantasy,2013
493307610-3,473961917-2,Avenging Conscience. The,Drama|Horror,2013
180864664-9,401715593-6,Nightmare City (a.k.a. City of the Walking Dead) (a.k.a. Invasión de los zombies atómicos. La) (Incubo sulla città contaminata),Action|Horror,2009
720515307-7,738593540-0,Big Mommas: Like Father. Like Son,Comedy,2004
567258808-5,085919388-8,Children of the Night,Horror,1992
391897044-2,107062349-0,Chameleon (Kaméleon),Comedy|Drama|Thriller,2002
909416691-7,264817895-3,Hero (Ying xiong),Action|Adventure|Drama,2000
538251014-8,575390807-1,Adventures of Tom Sawyer. The,Adventure,2004
144265760-X,090924037-X,What Fault Is It of Ours?,Comedy,2002
866458165-7,689290074-7,Daniel Deronda,Drama|Romance,1992
249864376-1,224283008-2,Mina Tannenbaum,Drama,2008
497387129-X,527857045-8,Letter to Three Wives. A,Comedy|Drama,2004
946581415-6,649483752-2,Lock Up,Action|Adventure|Crime|Drama|Thriller,1998
850019196-1,418210259-2,Short Circuit 2,Comedy|Sci-Fi,1992
658541854-9,582785486-7,The Great Northfield Minnesota Raid,Action|Western,1996
600686562-9,588503404-4,Saratoga Trunk,Drama|Romance,2006
668656420-6,371753515-3,Claymation Comedy of Horrors,Animation,2000
594416088-8,671742041-3,Document of the Dead,Documentary|Horror,2009
126500406-4,186980076-1,Futureworld,Sci-Fi|Thriller,2010
581146194-1,512903469-4,Under Siege,Action|Drama|Thriller,2009
938861774-6,537173864-9,Doc Hollywood,Comedy|Romance,2006
105204872-2,656720886-4,Ballad of a Soldier (Ballada o soldate),Drama|Romance|War,2003
322794047-7,325440218-9,Adventures of Tom Sawyer. The,Adventure,1998
470024258-2,711301930-7,Super Capers,Action|Adventure|Comedy|Fantasy|Sci-Fi,1998
165712474-6,762161897-3,Darkman II: Return of Durant. The,Action|Crime|Horror,2009
380686131-5,181918523-0,We're No Angels,Comedy|Crime|Drama,1998
230879397-X,554146496-X,Waking Up in Reno,Comedy|Romance,2009
976579364-2,951548006-X,Damien: Omen II,Horror,1993
677227022-3,747789385-2,North and South. Book II,Drama|Romance|War,2002
211342195-X,220738025-4,Love's Deadly Triangle: The Texas Cadet Murder,Drama,2003
534236876-6,053938126-8,Reality,Comedy,1984
030883519-0,396604701-2,Bluebeard (Landru),Drama,2012
887121675-X,946463242-9,Soldier. The,Action,1969
070268954-8,826062270-X,Thr3e (Three),Drama|Horror|Mystery|Thriller,1995
802121434-1,735467108-8,Sentimental Swordsman. The (To ching chien ko wu ching chien),Action|Adventure,2011
653934283-7,052222020-7,Paris. France,Comedy,1998
935136374-0,451348107-2,Tom and Huck,Adventure|Children,1993
695123092-7,398543719-X,Boiling Point (3-4 x jûgatsu),Action|Comedy|Crime,1992
948789039-4,585245313-7,Made,Comedy,2006
467462234-4,065859327-7,The Possession of Michael King,Horror,2011
014359178-9,071707449-8,Tyler Perry's A Madea Christmas,Comedy,1985
400042350-9,238501460-2,From Hell,Crime|Horror|Mystery|Thriller,1988
876674964-6,054692964-8,Dragonheart 3: The Sorcerer's Curse,Action|Adventure|Fantasy,2007
331849629-4,917407541-1,Siblings,Comedy,1992
506981267-X,983448926-9,King of Marvin Gardens. The,Crime|Drama,1992
885774656-9,955075796-X,Dakota Skye,Drama|Romance,2012
652429483-1,169379579-5,Innkeepers. The,Horror|Thriller,2008
602797472-9,890358344-2,Smashing Pumpkins: Vieuphoria,Documentary|Musical,2009
409708369-4,651191429-1,Ratko: The Dictator's Son (National Lampoon's Ratko: The Dictator's Son),Comedy,1995
379783256-7,640153197-5,Chance Pe Dance,Comedy|Drama|Romance,1993
718581476-6,441212319-7,Homeward Bound II: Lost in San Francisco,Adventure|Children,2007
280923322-5,535475357-0,Coriolanus,Drama|Thriller,2004
905745721-0,428489740-3,Becky Sharp,Drama|Romance|War,1964
453255002-5,751137347-X,Killer McCoy,Drama,2001
788001286-9,086610193-4,Young Winston,Adventure|Drama|War,1996
881863287-6,431486626-8,Lilla Jönssonligan och Cornflakeskuppen,Children|Comedy,2011
834343319-X,714382551-4,Tim and Eric's Billion Dollar Movie,Comedy,1985
151586956-3,658898248-8,Life During Wartime,Comedy|Drama,1995
465317534-9,953218988-2,Way of the Gun. The,Crime|Thriller,1989
846324774-1,372013370-2,My Gun is Quick,Mystery,1990
489602637-3,932601002-3,Rutles: All You Need Is Cash. The,Comedy,2009
159660707-6,099341987-9,Out California Way,Western,2003
975114075-7,449941257-9,Far from the Madding Crowd,Drama|Romance,1999
269535053-8,927644719-9,Mabel at the Wheel,Comedy,2006
675347739-X,571033728-5,Foxfire,Drama,2007
031102192-1,605964697-2,Last Castle. The,Action,2010
152199859-0,739366290-6,Lucky Break (a.k.a. Paperback Romance),Comedy|Romance,2012
326352518-2,902113220-6,Gentlemen Don't Eat Poets (Grotesque. The),Comedy|Drama|Horror,2004
687901542-5,178156834-0,Trouble at Timpetill (Enfants de Timpelbach. Les),Adventure|Children|Fantasy,2008
205680474-3,281230270-4,Just Go with It,Comedy|Romance,2001
033872437-0,884164675-6,Small Town Girl,Musical|Romance,2005
976685554-4,224699296-6,End of St. Petersburg. The (Konets Sankt-Peterburga),Drama,1993
947902530-2,060646056-X,Emperor Jones. The,Drama,2001
755420182-4,378209368-2,Lake of Fire,Documentary,2010
327196239-1,326777321-0,Days of Heaven,Drama,1992
946437304-0,356691424-X,I'm Gonna Explode (a.k.a. I'm Going to Explode) (Voy a explotar),Drama,1998
252031719-1,122694836-7,Lovers & Leavers (Kuutamolla),Drama|Romance,1998
845259905-6,051831167-8,Air Bud: Golden Receiver,Children|Comedy,2006
679222350-6,089225009-7,Kisses (Kuchizuke),Drama|Romance,1992
113624482-4,534892810-0,Invisible Woman. The,Drama|Romance,1989
216105732-4,587117850-2,Italian for Beginners (Italiensk for begyndere),Comedy|Drama|Romance,2011
732205930-1,147589993-9,Tracy Morgan: Black and Blue,Comedy,1999
802726560-6,475642139-3,Mahjong (Ma jiang),Comedy|Drama,1990
726265990-1,339063701-X,Suburbia,Drama,2000
406415484-3,503458371-2,Cow. The (Gaav),Drama,2007
825101157-4,872057734-6,Carol for Another Christmas,Drama|Fantasy|War,2002
202696596-X,803399617-X,Yanks,Drama|Romance|War,1997
694702826-4,220662579-2,Dirty Love,Comedy|Romance,2003
242957347-4,493808807-X,No Where No One (Hich Koja Hich Kas),Drama|Romance,1986
100328284-9,390266341-3,Rabbit Hole,Drama,2004
902099948-6,693713803-2,Decoder,Horror|Mystery|Sci-Fi,1999
640284963-4,147127682-1,Reluctant Dragon. The,Animation|Comedy,1987
587370942-4,036921776-4,Eagle Has Landed. The,Drama|War,2007
223026795-7,557766114-5,Space Is The Place,Sci-Fi,2008
899560690-8,192400904-8,Deadly Voyage,Drama|Thriller,2001
583859738-0,059227015-7,Miranda,Romance|Thriller,1991
379550882-7,960467239-8,Shark Night 3D,Horror|Thriller,1997
314425076-7,252394428-6,Manrape (Män kan inte våldtas) ,Drama,1986
884769574-0,455269347-6,Female Convict Scorpion: Jailhouse 41 (Joshuu sasori: Dai-41 zakkyo-bô),Crime|Drama|Thriller,1993
817427122-8,964718712-2,Skin. Skin (Käpy selän alla),Drama,1995
548493408-7,727055630-X,Messenger. The,Drama|Romance|War,1997
791549682-4,590155691-7,Loop the Loop (Up and Down) (Horem pádem),Comedy,1997
851853823-8,851107258-6,Forgetting the Girl,Drama,2010
850467436-3,395677210-5,Jour se lève. Le (Daybreak),Crime|Drama|Romance|Thriller,2010
391782394-2,290779195-8,Stone Cold,Action|Crime,2011
187346235-2,257893973-X,Krabat,Drama|Fantasy,2004
241721107-6,088330110-5,Girl From Paris. A (hirondelle a fait le printemps. Une),Comedy|Drama,2012
653297955-4,144379971-8,Port of Shadows (Quai des brumes),Drama,1995
925607705-1,952245962-3,Dreamland,Drama,2005
962797609-1,876720427-9,Mr. Woodcock,Comedy,1997
085954927-5,234438712-9,Bugs Bunny's Looney Christmas Tales,Animation|Children,2001
729095833-0,579179250-6,Michael Collins,Drama,2007
694676918-X,941397240-0,No Logo,Documentary,2011
226219475-0,261731483-9,Sir Arne's Treasure,Drama,2006
135989698-8,474660318-9,Toughguy,Crime|Drama|Thriller,1988
416171009-7,580419018-0,Fear and Desire,Drama|War,1997
852416527-8,592015238-9,Muppets. The,Children|Comedy|Musical,2011
885449589-1,172341012-8,The New Girlfriend,Drama,2013
556183882-2,257676917-9,Alice Doesn't Live Here Anymore,Drama|Romance,1997
132538019-9,259603034-9,Stranger by the Lake (L'inconnu du lac),Drama|Romance,2009
325395486-2,291968227-X,My Best Fiend (Mein liebster Feind),Documentary,2011
318677416-0,219507917-7,Jodhaa Akbar,Drama|Musical|Romance|War,2004
156270775-2,515638550-8,Biutiful,Drama,2008
222451219-8,900682587-5,When Brendan Met Trudy,Comedy|Romance,2002
388609301-8,759954142-X,Fly Away (Bis zum Horizont. dann links!),Comedy,2005
274594945-4,097875111-6,Angel of Death,Action|Crime|Thriller,2008
740848862-6,731344000-6,Bat. The,Mystery|Thriller,1998
695977641-4,904408764-9,Fawlty Towers (1975-1979),Comedy,1989
726188171-6,945056306-3,The Conrad Boys,Drama,2005
668962926-0,701789978-4,Good People,Drama|Thriller,2005
823529972-0,301480591-2,Grant Morrison: Talking with Gods,Documentary,2005
514582753-9,703194107-5,Planes,Adventure|Animation|Comedy,2007
481998934-0,688013266-9,Queen of Versailles. The,Documentary,2000
429480948-5,757876496-9,Werewolf Woman (La lupa mannara),Horror,1989
599505365-5,743399040-2,Groundstar Conspiracy. The,Action|Crime|Mystery|Romance|Sci-Fi|Thriller,2005
782757132-8,192263392-5,Malice in Wonderland,Drama|Fantasy|Romance,2007
236920528-8,990936529-4,Amanece. que no es poco,Comedy,2004
277451090-2,009441848-9,Conviction,Drama,1995
988773906-5,773215091-0,Blonde Ice,Film-Noir,1998
130908353-3,683511723-0,Bad Boy Bubby,Drama,1993
272390960-3,433630631-1,Edge of Seventeen,Comedy|Drama|Romance,1988
521342893-2,191227097-8,First Snow,Drama|Thriller,2007
406286297-2,615754004-4,Louie Bluie,Documentary,1990
160438755-6,139168877-5,Laissons Lucie faire !,(no genres listed),1997
590033564-X,030478510-5,I Love. You Love (Ja milujem. ty milujes),Comedy|Drama|Romance,1995
423666596-4,489034428-4,Super Fly (Superfly),Action|Crime|Drama,1991
600443141-9,940099223-8,Very Potter Musical. A,Comedy|Musical,1993
614570935-9,856360488-0,Outskirts (Okraina),Drama|War,1989
045666420-3,232331942-6,Supporting Characters,Comedy|Romance,2006
322483502-8,812882072-9,12th & Delaware,Documentary,1995
562692906-1,226847147-0,Scary Movie 5 (Scary MoVie),Comedy,1992
941037557-6,000050982-5,Megan Is Missing,Crime|Drama,1996
455427148-X,103763733-X,Help!,Comedy|Musical,2011
669101364-6,012957604-2,Alive,Drama,2008
539040761-X,529245347-1,Snow Queen. The (Lumikuningatar),Children|Fantasy,1996
205791632-4,158577329-8,PT 109,Drama|War,1999
000608455-9,230737830-8,Unconscious (Inconscientes),Comedy|Mystery|Romance,2012
225100368-1,067471394-X,Born to Race,Action,2005
443619370-5,058065342-0,How to Lose Friends & Alienate People,Comedy,1972
440062704-7,975675650-0,Simple Simon (I rymden finns inga känslor),Comedy|Drama,2009
625066705-9,266271165-5,Endangered Species,Mystery|Sci-Fi|Thriller,1995
768958277-X,316257683-0,Sokkotanssi,Comedy|Drama,1986
538027377-7,124127986-1,Children of Leningradsky. The,Documentary,1985
803390504-2,491289960-7,Blank Check,Children|Comedy,1992
199639469-X,424311594-X,2046,Drama|Fantasy|Romance|Sci-Fi,1969
875112739-3,983224041-7,Soft Shell Man (Un crabe dans la tête),Drama|Romance,1999
441120679-X,888374682-1,Goodbye. South. Goodbye (Nan guo zai jian. nan guo),Crime|Drama,1980
627130933-X,755883233-0,Cabiria,Adventure|Drama|War,1996
338897795-X,484834129-9,35 and Ticking,Romance,1984
747932804-4,851649907-3,Thirteen Conversations About One Thing (a.k.a. 13 Conversations),Drama,2012
545635394-6,247045532-4,Night and the City,Crime|Drama,2009
888775818-2,677857804-1,Alexander the Great,Drama,1988
249703222-X,980595038-7,Cut,Comedy|Horror|Mystery|Thriller,2002
143147783-4,447414047-8,Nadine,Comedy,2001
297236159-8,654379999-4,Professional. The (Le professionnel),Action|Drama|Thriller,2003
426605527-7,161248653-3,Yes. Madam (a.k.a. Police Assassins) (a.k.a. In the Line of Duty 2) (Huang gu shi jie),Action,2006
290560737-8,674349858-0,Art of Negative Thinking. The (Kunsten å tenke negativt),Comedy|Drama,2007
953224144-2,999893398-6,On Deadly Ground,Action|Adventure|Thriller,2000
559578725-2,981886359-3,The Big Cube,Mystery|Thriller,2006
552967539-5,699722251-X,Before Your Eyes (Min Dit: The Children of Diyarbakir),Drama,2012
662190371-5,195948375-7,Stay Alive,Horror|Sci-Fi|Thriller,2013
492766219-5,631591834-4,Belle of the Nineties,Comedy|Western,2006
770235009-1,926421180-2,Dragon Missile. The (Fei long zhan),Action,2011
341146783-5,770225687-7,Grosse Pointe Blank,Comedy|Crime|Romance,1987
594152093-X,084858252-7,Strangeland,Thriller,2009
005827224-0,023632916-2,All Over Me,Drama,2010
132124753-2,609486804-8,Lucifer Rising,Fantasy,1991
220377006-6,293798617-X,Yesterday Was a Lie,Drama|Film-Noir|Mystery|Romance|Sci-Fi,2000
597517381-7,836137507-4,Forever. Darling,Comedy|Fantasy,1969
732548470-4,789495990-1,That Night in Varennes (Nuit de Varennes. La),Drama,2000
821304146-1,357923248-7,Black Rock,Horror|Thriller,1996
075526302-2,241190083-X,Sam's Song,Drama,2009
755840707-9,701603378-3,Pledge. The,Crime|Drama|Mystery|Thriller,2007
065575897-6,584217897-4,Way Down East,Drama|Romance,2001
582020024-1,804424943-5,At Berkeley,Documentary,2010
254228222-6,065557701-7,Time for Killing. A,Western,1994
141306229-6,545485700-9,For Richer or Poorer,Comedy,2004
998832006-X,722249139-2,Caught,Drama|Film-Noir,1998
047374739-1,150842784-4,All's Well,Drama,2012
699345177-8,941141142-8,Heat,Action|Crime|Thriller,2000
401044481-9,243941148-5,Burning Plain. The,Drama|Romance,1992
631310209-6,814979299-6,The Black Devil,Comedy|Fantasy,1999
974519620-7,161072311-2,Business of Strangers. The,Action|Drama|Thriller,2008
179349565-3,213609271-5,Go-Getter. The,Comedy|Drama,2002
983150245-0,170003351-4,Heavens Fall,Drama,2008
952045864-6,048804012-4,Ward. The,Horror|Thriller,1989
117175511-2,696554976-9,Forgotten. The,Drama|Mystery|Sci-Fi|Thriller,1985
943950239-8,598982029-1,Dames du Bois de Boulogne. Les (Ladies of the Bois de Boulogne. The) (Ladies of the Park),Drama|Romance,1996
018160736-0,514404122-1,Bed of Roses,Drama|Romance,1998
498955477-9,087909903-8,Don't Look in the Basement!,Horror,1998
537645228-X,412561138-6,Youth of the Beast (Yaju no seishun),Action|Crime|Mystery,2005
591776209-0,968596741-5,Ax. The (couperet. Le),Comedy|Crime,1998
882288770-0,735100245-2,Gold,Crime|Sci-Fi,2010
095968439-5,584762249-X,Bobcat Goldthwait: You Don't Look the Same Either,Comedy,1996
904186659-0,190575027-7,Tetsuo II: Body Hammer,Horror|Sci-Fi,2003
514288215-6,858169003-3,Hud,Drama|Western,2009
307623157-X,283185432-6,Brannigan,Action,2007
214108698-1,092148918-8,Return to Oz,Adventure|Children|Fantasy,2004
789838588-8,932867515-4,Eggs,Comedy|Drama,2012
873408496-7,487176567-9,Beau Brummell: This Charming Man,Drama,1994
895370162-7,005774333-9,This Man Must Die (Que la bête meure),Crime|Drama|Thriller,2008
289862251-6,999397498-6,Summer Things (Embrassez qui vous voudrez),Comedy|Drama|Romance,1985
249392175-5,033166995-1,Presentation. or Charlotte and Her Steak (Présentation ou Charlotte et son steak),Comedy|Romance,1989
119880105-0,173818460-9,Stevie Nicks: Live at Red Rocks,Documentary|Musical,2011
415970244-9,746987880-7,Hocus Pocus,Children|Comedy|Fantasy|Horror,2010
454585861-9,165324313-9,Danny Deckchair,Comedy|Romance,2009
343059510-X,535477253-2,White Reindeer. The (Valkoinen peura),Drama|Fantasy|Horror,1998
900650904-3,088382998-3,Jet Pilot,Drama,2008
190375139-X,836948240-6,TT3D: Closer to the Edge,Documentary,1999
261681297-5,338444490-6,Goodnight. Mister Tom,Drama,1985
148545017-9,186685046-6,Marva Collins Story. The,Documentary|Drama,1999
495144454-2,562147818-5,Babette's Feast (Babettes gæstebud),Drama,1998
858720091-7,371116699-7,Sleeping Beauty,Animation|Children|Musical,1993
453849438-0,232997883-9,Green Years. The,Drama,2010
483587566-4,800869308-8,Passion of Joan of Arc. The (Passion de Jeanne d'Arc. La),Drama,1995
635661240-1,435628530-1,Dead Air,Horror|Sci-Fi|Thriller,2008
079387256-1,114525141-2,The Big Flame,Drama,2001
298668748-2,856852519-9,Trick or Treat,Animation,1998
412767436-9,665379416-4,Cuenca Crime. The (Crimen de Cuenca. El),Drama,1987
507944092-9,720078580-6,Edge of Tomorrow,Action|Sci-Fi|IMAX,2006
298690148-4,197402783-X,Glorious 39,Drama|Romance|Thriller|War,2011
195116814-3,785487865-X,Pajama Game. The,Comedy|Musical|Romance,1993
931067796-1,911643123-5,Curve. The (Dead Man's Curve),Comedy|Drama|Mystery|Romance|Thriller,2011
547176162-6,812451965-X,Big Momma's House 2,Action|Comedy|Crime,1992
450204348-6,814761943-X,Grandmother,Drama,1992
381476638-5,837982246-3,Love. Money. Love,Drama|Romance,1966
909119588-6,982643219-9,Lovelace,Drama,2009
309815848-4,694570302-9,Fire Down Below,Action|Drama|Thriller,2007
550021817-4,565707957-4,Batman Forever,Action|Adventure|Comedy|Crime,2008
584348936-1,993163123-6,On the Threshold (Lars i porten),Children|Drama,2000
272168823-5,074753418-7,Red,Action|Comedy,2009
002639011-6,707863591-4,Are All Men Pedophiles,Documentary,1994
616773079-2,434049211-6,Blue Car,Drama,2003
155999105-4,077675064-X,In Old Chicago,Action|Drama|Musical|War,2012
810322381-6,637485299-0,Commandments,Romance,1966
925577551-0,859091060-1,Season of the Witch,Adventure|Drama|Fantasy,2008
426912046-0,768635358-3,Just Anybody (Le premier venu),Drama|Romance,1989
489114462-9,407073242-X,The Pokrovsky Gates,Comedy|Drama|Musical|Romance,1995
587304111-3,788321578-7,All American Orgy (Cummings Farm),Comedy,2004
042852896-1,558786592-4,Case départ,Comedy,2006
893114271-4,238881760-9,Black Balloon. The,Drama,2002
314220004-5,274477099-X,Fat. Sick & Nearly Dead 2,Documentary,2011
726982500-9,695861542-5,Sex of Angels. The (El sexo de los ángeles),Drama|Romance,2002
571365638-1,722247594-X,The Forgotten Faces,(no genres listed),2012
922988422-7,747449089-7,Boris Godunov,Drama,2008
177962454-9,566961334-1,Beatdown,Action|Crime|Thriller,1977
931622483-7,141604787-5,Bingo,Adventure|Comedy,1993
036421827-4,559711341-0,Back In Action,Action|Adventure|Drama,2003
306297522-9,903369825-0,Rocky III,Action|Drama,2008
167812312-9,002419687-8,The Death and Life of Bobby Z,Action|Crime|Drama|Thriller,1998
605429562-4,249320667-3,F/X,Action|Crime|Thriller,2011
051370701-8,127918941-X,Naked Fear,Horror|Thriller,1988
829855691-7,924633013-7,Watcher. The,Crime|Thriller,2005
674539758-7,492665002-9,Goodbye Girl. The,Comedy|Romance,2010
973457838-3,888109317-0,Razortooth,Action|Horror|Sci-Fi|Thriller,1996
673327565-1,410092845-9,Requiem for a Dream,Drama,2003
606914227-6,072971373-3,Signal. The,Sci-Fi|Thriller,1992
607385169-3,939502678-2,It,Drama|Fantasy|Horror|Mystery|Thriller,1987
743912986-5,340424819-8,Luther the Geek,Horror,1986
507578435-6,031131838-X,Angus,Comedy,1986
617302704-6,198038637-4,Locals. The,Horror|Thriller,1992
843284114-5,628106010-5,Poltergeist,Horror|Thriller,1992
493518002-1,767133858-3,Highway 61,Comedy,1999
573892871-7,079412776-2,Patton Oswalt: Werewolves and Lollipops,Comedy,2002
918561891-8,285632085-6,Fist of Fury (Chinese Connection. The) (Jing wu men),Action|Drama|Romance|Thriller,1990
007205596-0,487276381-5,Maltese Falcon. The,Film-Noir|Mystery,2006
698045355-6,989732445-3,Broken Vessels,Drama,1994
207041778-6,752322107-6,Last King of Scotland. The,Drama|Thriller,2012
329182242-0,031270613-8,Monkey's Paw. The,Horror|Thriller,2003
752690722-X,220826550-5,Never Back Down,Action,1994
105799963-6,293534483-9,Reagan,Documentary,1994
610732674-X,292955388-X,Rugrats Go Wild!,Adventure|Animation|Children|Comedy,1992
855478496-0,521262127-5,Viking. The,Action|Adventure|Drama,1991
205212604-X,896104074-X,What's Love Got to Do with It?,Drama|Musical,2005
975706840-3,467257683-3,Mortal Kombat,Action|Adventure|Fantasy,2009
121172979-6,700315983-X,Le Mans,Action|Adventure,2011
985358371-2,384886793-1,Ali,Drama,2008
729762186-2,629367235-6,WALL·E,Adventure|Animation|Children|Romance|Sci-Fi,2013
517141514-5,632764370-1,Square Dance,Drama|Romance,1995
946253691-0,792284834-X,Joe Strummer: The Future Is Unwritten,Documentary,1999
143347931-1,399691087-8,Pompeii,Action|Adventure|Drama,1992
207337338-0,277092656-X,Wilby Wonderful,Drama,2011
090406449-2,825579801-3,Half Baked,Comedy,2000
624822308-4,813493175-8,Rock-a-Bye Baby,Comedy,1998
282068819-5,496180689-7,Enola Gay and the Atomic Bombing of Japan,Documentary,2002
879822881-1,080712369-2,Mr. Blandings Builds His Dream House,Comedy,1992
928739089-4,717338019-7,Black Moon,Fantasy|Mystery|Sci-Fi|War,2009
928434513-8,164953894-4,Myriad of Lights (Lights of Ten Thousand Homes. The) (Wanjia denghuo),Drama,2007
085782944-0,370060706-7,Trick 'r Treat,Comedy|Horror|Thriller,2006
647054729-X,298901841-7,Hobbit: An Unexpected Journey. The,Adventure|Fantasy|IMAX,1988
504964051-2,637603349-0,Back to the Beach,Comedy,1994
553381904-5,894297098-2,Amador,Drama,2000
352272185-3,692341540-3,Flowers in the Attic,Drama|Thriller,1996
956209873-7,762201139-8,Free Willy,Adventure|Children|Drama,2010
535184723-X,854986927-9,One from the Heart,Drama|Romance,1998
